-- phpMyAdmin SQL Dump
-- version 4.1.14
-- http://www.phpmyadmin.net
--
-- Host: localhost
-- Generation Time: Mar 03, 2017 at 02:59 AM
-- Server version: 5.6.17
-- PHP Version: 5.5.12

SET SQL_MODE = "NO_AUTO_VALUE_ON_ZERO";
SET time_zone = "+00:00";


/*!40101 SET @OLD_CHARACTER_SET_CLIENT=@@CHARACTER_SET_CLIENT */;
/*!40101 SET @OLD_CHARACTER_SET_RESULTS=@@CHARACTER_SET_RESULTS */;
/*!40101 SET @OLD_COLLATION_CONNECTION=@@COLLATION_CONNECTION */;
/*!40101 SET NAMES utf8 */;

--
-- Database: `socialcw`
--

-- --------------------------------------------------------

--
-- Table structure for table `admins`
--

CREATE TABLE IF NOT EXISTS `admins` (
  `userID` int(11) NOT NULL,
  PRIMARY KEY (`userID`)
) ENGINE=InnoDB DEFAULT CHARSET=latin1;

--
-- Dumping data for table `admins`
--

INSERT INTO `admins` (`userID`) VALUES
(24),
(25);

-- --------------------------------------------------------

--
-- Table structure for table `blogposts`
--

CREATE TABLE IF NOT EXISTS `blogposts` (
  `postID` int(11) NOT NULL AUTO_INCREMENT,
  `userID` int(11) NOT NULL,
  `dateTime` varchar(240) NOT NULL,
  `blogPostBody` varchar(240) NOT NULL,
  PRIMARY KEY (`postID`),
  KEY `blogID` (`userID`),
  KEY `postID` (`postID`)
) ENGINE=InnoDB  DEFAULT CHARSET=latin1 AUTO_INCREMENT=5 ;

--
-- Dumping data for table `blogposts`
--

INSERT INTO `blogposts` (`postID`, `userID`, `dateTime`, `blogPostBody`) VALUES
(1, 24, '2017-03-01 15:25:27', 'sd flasd sladfj '),
(2, 24, '2017-03-01 15:31:57', 'jkk\r\n'),
(3, 25, '2017-03-01 17:20:53', 'Hi everyone '),
(4, 25, '2017-03-01 17:21:00', 'Second post');

-- --------------------------------------------------------

--
-- Table structure for table `circlememberships`
--

CREATE TABLE IF NOT EXISTS `circlememberships` (
  `circleID` int(11) NOT NULL,
  `userID` int(11) NOT NULL,
  PRIMARY KEY (`circleID`,`userID`),
  KEY `userID` (`userID`),
  KEY `circleID` (`circleID`)
) ENGINE=InnoDB DEFAULT CHARSET=latin1;

--
-- Dumping data for table `circlememberships`
--

INSERT INTO `circlememberships` (`circleID`, `userID`) VALUES
(23, 24),
(24, 24),
(24, 25),
(23, 26),
(24, 26),
(8, 27),
(24, 27);

-- --------------------------------------------------------

--
-- Table structure for table `circles`
--

CREATE TABLE IF NOT EXISTS `circles` (
  `circleID` int(11) NOT NULL AUTO_INCREMENT,
  `name` varchar(240) NOT NULL,
  `adminUserId` int(11) NOT NULL,
  PRIMARY KEY (`circleID`),
  KEY `circleID` (`circleID`)
) ENGINE=InnoDB  DEFAULT CHARSET=latin1 AUTO_INCREMENT=25 ;

--
-- Dumping data for table `circles`
--

INSERT INTO `circles` (`circleID`, `name`, `adminUserId`) VALUES
(8, 'bagus group', 24),
(23, 'new circle', 24),
(24, 'mhgbhjm', 24);

-- --------------------------------------------------------

--
-- Table structure for table `contactinfo`
--

CREATE TABLE IF NOT EXISTS `contactinfo` (
  `userID` int(11) NOT NULL,
  `mobileNo` int(11) NOT NULL,
  `landlineN` int(11) NOT NULL,
  `email` varchar(240) NOT NULL
) ENGINE=InnoDB DEFAULT CHARSET=latin1;

-- --------------------------------------------------------

--
-- Table structure for table `generalsettings`
--

CREATE TABLE IF NOT EXISTS `generalsettings` (
  `userID` int(11) NOT NULL,
  `language` varchar(240) NOT NULL,
  `timeZone` varchar(240) NOT NULL,
  `country` varchar(240) NOT NULL
) ENGINE=InnoDB DEFAULT CHARSET=latin1;

-- --------------------------------------------------------

--
-- Table structure for table `likes`
--

CREATE TABLE IF NOT EXISTS `likes` (
  `photoID` int(11) NOT NULL,
  `userID` int(11) NOT NULL
) ENGINE=InnoDB DEFAULT CHARSET=latin1;

-- --------------------------------------------------------

--
-- Table structure for table `messagecircles`
--

CREATE TABLE IF NOT EXISTS `messagecircles` (
  `messageID` int(11) NOT NULL AUTO_INCREMENT,
  `circleID` int(11) NOT NULL,
  `userID` int(11) NOT NULL,
  `message` varchar(300) NOT NULL,
  `timeSent` datetime NOT NULL,
  PRIMARY KEY (`messageID`)
) ENGINE=InnoDB  DEFAULT CHARSET=latin1 AUTO_INCREMENT=16 ;

--
-- Dumping data for table `messagecircles`
--

INSERT INTO `messagecircles` (`messageID`, `circleID`, `userID`, `message`, `timeSent`) VALUES
(4, 8, 24, 'asdasd', '2017-02-28 23:09:01'),
(5, 8, 24, 'asdasd', '2017-02-28 23:09:19'),
(6, 8, 24, 'skajnkdsf', '2017-02-28 23:11:01'),
(7, 8, 24, 'skajnkdsfasd asdkjhakdsj ', '2017-02-28 23:11:32'),
(8, 8, 24, 'awdas', '2017-02-28 23:21:09'),
(9, 8, 24, 'what do you want', '2017-03-01 00:05:10'),
(10, 8, 24, 'huh', '2017-03-01 00:06:07'),
(11, 8, 26, 'what you want to fight?', '2017-03-01 00:25:48'),
(12, 8, 24, 'no obviously you need your boy bandi for that', '2017-03-01 00:26:05'),
(13, 8, 24, 'hey', '2017-03-02 12:08:34'),
(14, 22, 24, 'hello', '2017-03-02 12:11:34'),
(15, 24, 25, 'hello guys', '2017-03-02 13:18:23');

-- --------------------------------------------------------

--
-- Table structure for table `personalinfo`
--

CREATE TABLE IF NOT EXISTS `personalinfo` (
  `userID` int(11) NOT NULL,
  `firstName` varchar(240) NOT NULL,
  `surname` varchar(240) NOT NULL,
  `gender` varchar(240) NOT NULL,
  `birthday` date NOT NULL,
  `city` varchar(40) NOT NULL,
  `country` varchar(40) NOT NULL,
  UNIQUE KEY `userID_2` (`userID`),
  KEY `userID` (`userID`)
) ENGINE=InnoDB DEFAULT CHARSET=latin1;

--
-- Dumping data for table `personalinfo`
--

INSERT INTO `personalinfo` (`userID`, `firstName`, `surname`, `gender`, `birthday`, `city`, `country`) VALUES
(24, 'Osman', 'Ahmed', 'Male', '2017-02-10', 'London', 'United Kingdom'),
(25, 'Bagus', 'Maulana', 'Male', '2017-02-03', 'Jakarta', 'Indonesia'),
(26, 'Shivam', 'Bandi', 'Male', '2017-02-12', 'London', 'United Kingdom'),
(27, 'Nijam', 'Abubakar', 'Male', '2017-02-27', 'Birmingham', 'United Kingdom');

-- --------------------------------------------------------

--
-- Table structure for table `photocollections`
--

CREATE TABLE IF NOT EXISTS `photocollections` (
  `photoCollectionID` int(11) NOT NULL AUTO_INCREMENT,
  `userID` int(11) NOT NULL,
  `name` varchar(30) NOT NULL,
  `whoCanSee` tinyint(1) NOT NULL,
  PRIMARY KEY (`photoCollectionID`)
) ENGINE=InnoDB  DEFAULT CHARSET=latin1 AUTO_INCREMENT=8 ;

--
-- Dumping data for table `photocollections`
--

INSERT INTO `photocollections` (`photoCollectionID`, `userID`, `name`, `whoCanSee`) VALUES
(7, 24, 'good name', 0);

-- --------------------------------------------------------

--
-- Table structure for table `photocomments`
--

CREATE TABLE IF NOT EXISTS `photocomments` (
  `commentID` int(11) NOT NULL AUTO_INCREMENT,
  `photoID` int(11) NOT NULL,
  `userID` int(11) NOT NULL,
  `comment` varchar(240) NOT NULL,
  `dateTime` datetime NOT NULL,
  PRIMARY KEY (`commentID`)
) ENGINE=InnoDB  DEFAULT CHARSET=latin1 AUTO_INCREMENT=11 ;

--
-- Dumping data for table `photocomments`
--

INSERT INTO `photocomments` (`commentID`, `photoID`, `userID`, `comment`, `dateTime`) VALUES
(1, 22, 24, 'Hello', '2017-03-03 01:30:08'),
(3, 22, 24, 'asdasd', '2017-03-03 01:36:50'),
(5, 22, 24, 'ashdkasjd', '2017-03-03 01:39:10'),
(6, 22, 24, 'asfkjsdf', '2017-03-03 01:41:50'),
(7, 22, 24, 'keep trying lad', '2017-03-03 01:45:27'),
(8, 23, 26, 'hello', '2017-03-03 01:53:36'),
(9, 23, 24, 'its fine', '2017-03-03 01:57:22'),
(10, 21, 24, 'Hello', '2017-03-03 01:58:07');

-- --------------------------------------------------------

--
-- Table structure for table `photos`
--

CREATE TABLE IF NOT EXISTS `photos` (
  `photoID` int(11) NOT NULL AUTO_INCREMENT,
  `photoCollectionID` int(11) NOT NULL,
  `image` blob NOT NULL,
  `name` varchar(240) NOT NULL,
  `caption` varchar(240) NOT NULL,
  `dateUploaded` datetime NOT NULL,
  PRIMARY KEY (`photoID`)
) ENGINE=InnoDB  DEFAULT CHARSET=latin1 AUTO_INCREMENT=24 ;

--
-- Dumping data for table `photos`
--

INSERT INTO `photos` (`photoID`, `photoCollectionID`, `image`, `name`, `caption`, `dateUploaded`) VALUES
(21, 7, 0x89504e470d0a1a0a0000000d49484452000000d0000000bc08060000017e9510c3000000017352474200aece1ce90000000467414d410000b18f0bfc61050000000970485973000021d5000021d501049cb49d0000170b49444154785eed5dcd8edeb895f59b24c054db8057f6c28b0efa016c63e095576e04c82e6837b2cbde30822e67396e4c76b1f753180f665301f206ae7d01f90182649d9967288787bad447519712499114a9ef1ee0a06c89127f2ecfe52529e9bb9782bbbbbb3fd13fcbe2d9bbafbed03fcbe1e9e5fd27553242269a97173774a80cc68c4ad60ab5a893919549d1ccaa64c465023efde1e22125590777038e947c0432e1d2b904e892015c22434a82bf5f1e3f7e6c7885835c7a439c67b190187f6f877fdebbf7e8d1a387c84cfd8580afdc6b9ebdbbb8a6a47eb817d2e1278a6e8dc68c99f4e1702ed499805646ba4638999c898175315c0ee8cd087f93319454b7376e84a69a6594a53686dfbeffc6e8e5e5b42617d7260d3cbb4e110b3b23433a350e17bef3c1f0dd08c479ee38a82f8e017713d7dda86373fdc48e53ee0de8308b98b4133cbbfcea36f62255db97f119c55e6061cbb5d1881a3a76876a163d341447351b54c9c864021635b89d114887f3820b44e8545eb899689688bfd98c14e97418b81bb87cf5e3d7b3a8864bc791920fe0128cfcedfd672ac92c0a0abc6e0ecee0209dc6dfb14bab8c6e9632d389d6605f00f74f877560029a1ab9a116f8eac79f85656260820e2be0d099802623b746f8771274dca00641fa2fe0cd087f93e194144de8cd4831ddab9b8caccc805b95c178534f9a70b8f355e22903e63c9d8a837b93914a1bea2f334d1948978723e426216916e15ebc34f6500dedb44677ebb02fa443ab88be06258ac9c086a91dfdb73caa66e6e2fb0f2ff6cb3c374c1f499e10b6047b02b46b17c90123489774ba3f7095d19c8ed87d80ad88c52807bf3710d571957049c9db864f373ed26579a16fee78a32c54a1185cf58491158ee1ebdf3fff0955694096cce6532158618c9cd5c463a21df61e310c7530f60a6918c765745d018788d2f574cda5aaa08e14f97bfa896b92f1fcdd03f6a6362929e04603f83f2a840a5c990a00f8b7f9bfea1dabbb2848a32fcc0936a36948635b66a46d159baa42e3b5ecbd6bb9777be2e0648a0ae86d0b9b5c6540be4201bb40256077453a0498a5a749a5b8ca80a642ea1ee3bcb148d75a835d00433a85028658e85655465b967340385e156e011c062d6630d79d5833de630b5086e5d7ee994c17c88b9b4fcb932e290378332ed329e33c5448c84549f3029e87cb8c98a56b30f71d4949f281c9a468ff762d9775807dfaeeab8f7a11731e78568171ebbb8c4f3edcdddde5dfebd90bcf2fefdf7efefcb94e4c5603a483f2634a0da02254a1fae14c0998ca804d893a1576858a6c02d744b6fdaa56e056067466b7fd0005e72a045292beb014745292bec055c4625f6352c8348392f601ae022ebb710e2bf3a6136bae196c0137f6f84897b40daee03e669db495407077b34897e683de6d8be82691bcd27b421643164552495552ddc479c0652bdda8daec30d8e0564b53f9eafdcfae66ef7600395a8f6e65008de09859fe9d44db591a726d9d4325f23e6cb546ba0580484057c4d05ad30647979d5ca958b7cfde648174d947c549454058c6a9d048753ea567a4854ec1fdfc3471b3771d58978c1d07b742007b5f86943c1d4f7f78b01a97594ee00dfd354078a3bb9f2a3cb64f26e18e3a36b674c0b667de8096c96024250150b1997e40db2ac4c97eab76e9ccbd354b2d706264e732a4d380dde526642aa4a9ce69f82a44a7cb818b06e81490b14295f759ede779e810800ac19d827115b2ac4f87eac3532183b132205719100901e3ba61293a541793ae3775db067115a27bc1dbd1a1ba70035a3a8c0a8168e5b132205719509d436526d1098e55875d00109aa2f128d46ddf18b7edde0b7ac2f16af08f1933cf044bc162a8c06c6005f8fb54b6d25aec45c916617b358e94ac0eb802cca82a4d5d70043992b0683e369a4ec55acbe6246559165cc68bb45a9a3dbfc0e2ce81ba0c9b3947b7cb01ea78f804b274b70b5f4c598fc3f8ebe6a4e465c065e892b38a0f817acc3b0f32589caf0c4cce98b9d784942c2fb88c0c29c9262c592bc6eac1e03252ccde1dd8413bb77340c1dd4ce85411704b5b742a0fec1ba36bd0e1e278f5feebd15a59e749da5d9fe63c5501fd984ad1a1634055a88cfb6e196f3ebd7e79737333ff2893607fd8e3fedb4fdfedb3ce22e061fb41cd5a53434118d858e91c7d7c8b80211cc3d81423ed89a5e9d3c852fb648275785cdb84d8c72832d7152c23c43816c5d5d5041adc31c02a6b2e199c3582c61d0f77db873e17cce63b0994f1a820c2f770162893d832508d1b3deef828e351666c19777c142365428e7187a5b8ba3cc832eef8b8d326d766201c6d81395ff0f0f3e29acb7b37faa24c55d86c8370615e792bb100541ed73af76a8e7810f4effffccbf286639d9e1bc5b5a51a4c4091c63cf8f9d27ee9804389c063135317757735165f68343c22300cf2e869135a8f18dbbce69ed6059047c8d7ff0a31df1ae1104dd531167a37650bc048ac313832c6e1a8bfe26eab4ce55bc9fd557821a5a47b70c617fdbcfa02711ec69ca8030d0f37a78ce07dcdcfd05616f7c0571662e57daf7da99caa729403184340413343b84063db0dee82339c9b9e8209b67cb164eab31fd0f337192b6c4e82c644a59136660c8241e0d2160d6ca0ca93eeeef6524a0cb4ab88db50f36d05acb9b8191dc3ac12aa52d74d10af2235974a08fd9b40a85fdfd140b37c830cb4e7b8520aaa625ed7d1858194519a1a574a811daff831c88c353616436ece084be40ce4aeffa97952dd77b55b80aaf84c4d4cef84815cc32daa8a33c2125d0379d4735e0f9dc0104c23683a836d7503f9821b8f0b3e1e06f7366f009b9692168dc19133c21295817487082c579f915a0c42c36fbced4497d84003a5cc83ccd20eab82e0f99b2a3b5d724ca84a464f00f5b74d02c35918c0670417b8a7fdca5b048f391ec16d31958d227e9175cb58903281e668b9e06320c4bf271321b18f5cfa4c3c54d090a3d786103d5b2bb5467e47198f54658aedb3d09b0b5e7793cba579a9544a59f509dd9bb98a6de09a517c2865ac94b2340155f06ce30e7d512b5b430c65cbba8fd5dffc686b6fcd6d9425a8fc36b961eb936c7d40153aadc2306ae09ca7043629ab97f108bd9ead80976d6e76a5180b75a7cbdb84771fc5e5ce4a49812a779057687a7eb438ee7468141f547dfcc652f5a4646dc133734f7a4cb727a08e4e9d75bde9b4a025d8e36ff3e3d1b9e3f96f7e3afd5d78c1bd7b9f3f7ffe393e45767777779c85cc23e1fb0f2f6ec5408de2f58717daff2b151d7bd7b3578c51e4e583be57988f8861d67f0a738f1eda77076594c95c4442dc8600b5e8074b2c0375bf917624402d13e310c5cd3502cf121328cb2d7b032a610c335254b4337ceecdf06c9ea76e158bdb1b9a957fe24f7042e8e6a0a86827acb9378b122cec8175f7469439517d44a84753a2b9ca5898fbf8286eae16a006c600cb6cf5418e2322d6bd19e23aba85a02482830397122c9447f083911e4ab05018aa91d39ef93e5182859248766f86122c94c356f76628c14221a8c6ddeade064ab0901f49731f1fc5cde5876ad83cea218a9bcb8ccdc18143cf67660429c8151cb8947da24c508d99d5bd198a9bcb84dcee6da4040bdb51cabd198a9bdb08d58845dc9bc5fe967e30e740cfda9d89db0ab1443e6cfe3b91cc30852e2c7629e3772af721c62555d690c655e94bab302f55dd5efffec51b32cd80e25f85ca4555c694e84b7b0528b2833afeee8f6fbffcee0f6fbd4a6ab6b78518c67c207609da50ccfd77a7ea3c9f3e7ffc355ee1fcc7ffffd55f0fad26ee067b11bd7ef90318a80c8c870fc7e203b2ab3fa20145e5fcdad576463e013b54a005352d161c864114e6fbe2efec479c5c3462a4f448725f35798d03754c0c63e81868a43292f737edf0d97f3effc25cf70c61d8278098196774638a33c31872c67178a30c356b941d8c947ffe556d70559d81b23460d5c29131888f30d41874c0a5cf5ea32cc51caaf1a18acb3b5500aa59548c43fcca16688285108e3db97807cce5d2d6503802b2a58fb1863384218c87f44837195f943a9ea0f115d78c35d9feae54af3a28d1e330f3a7db033e0319a30461c55813030d9d8f2f5b0af185e22aaaf1019967f3ddf3b1c73610ab141b88d2600cfca5433330c69a3d40926fb9ab914f7d7efbfe9b8799a220d70da07218c87d95c471180d69d0d01365286320b4f62a8dce7fa4ff8e40399c72c55175347817ba5d3bd8eaf21cf7c6c1180486d406716919c826d4620cb6daa3b7b9b9c6df89d5515eca9c69eede0c260a59a363181f57d595e6e61a378e0d55e03837a11a842eb58106640de123638c35b2d155ac819a74696b185c4560d8ba9f81b87c230cd4f10fdc1a0419a94f03b1eaeb12ab01444706d2d38a3de736a5b01840f463a0c37f079c77797c14671b080d094e0ce29231c01a3d06623ad21155e303e7f298799031901d21e1df33c318320658e3cc40f4a0c958aec3bab435b86e0446a35306c640b6e16c55cdc818608d7303b99d8777bfc706fcf8a411744378d7e2aa1a881b7f0e3feeb850956627b29ed5ec6a06623bcec0e384d421f04673d386d8c340fc74e09cdc9c3b08cf781a908d31ec8db95fd031968c01d63836fc827a34cfc6cda9ca2eafd39dc6a245b570640cb0c651b12aefb5f5c3e3bb39f442bdcbc83780c57165184632abd9301c6b1843c6001cf1dcc2e4e1463d8966cb61919fab1d0b5e1fcf1069e9321b6854f464182cc640defda020e3103d653a0e16965058ae34081a7b6230c6208b5be031c6d13c72b000f7c6567a95611b6130c49a416ca87b276d6da31e748b63016ae02a1c42bc369f6bb965e828e98f57ada8ba5f2ccc7d8289c6d9d283d53d925433e1118385d5b94f2cd55810d293912fd2e9b12f4307313c9c8a54a5b6f75c8e6874ddf81cf3196446757faada3150b4b176e21657db14b48b612a989f17d7e44acba8d5e161dc9c76374c053373b20ca3e737a555abee4fd9f50bb801b672d9b8fcd8934a53544dcef6487f509528d640a12ea6a49aba7773651a26ed6141756dfeced2b39bcb3ef751dcda634ba8a95b37a70a9fb1c7e67dc41686e6f349629ffb44b97a6a293f0f83abfb67e944393b4f15e4e9a1751e4ccfe4f6fa52d1a6b98f6aac52aa59023a045b9e10f6142c90ebe02bb2ce5d7b223a46ea3bb7dd040baab0f17e1d2e26d37ecf560c1d2c494d7db8b9587fbe873b0b41b49a7a7073a8145b78863977494b615053b84768b5b38d88080eba8a7a8223bd96f789a8b7f105376c68ac4981aac3b29a5a767301eeadcf19b783353535ebe6fc85ae33e1ac0d55375e4d2dba3976615419acf94173237c6a6aae43a2403a40303c883b0b053aa263a4b3aa7f17d09dd44c705b0e16ce1d5013dee0e87e3b5c20e81a6ffeeb970fdffef77757f812bdc1dddd9da8522058c3af3ebc78f8fac30b3dcd522222f968011d6e3a29106405c4835914cda6f4778395886ede7efa4e461f81600d7a49c25d3b52ff7ff3e9f5a1d7cc0482cd60c5338ae8e246562604020f16c573e2f1bfc62910c4426f750e3b689c684e540283d0e83281408011458923f8a13b119140602130749b5244241044846e1c65514170ce880edd5cca2824385718f1847df67895b23227382f6c0add5cca482438276c0edd38ca7c48700e28221e504621c1d1514c3c862222c19181ce8d4ece76fe5c94504e7044645d3458a7acca098e83e2a11b4f1191a07fec241e990f098e0174e2e2f31e1f4544829e5179dec3531615043d62b7d08da7cc87047d61d7d0cd217d855d4424e8032d8967a48472821ed0a4784e945148d02e9a583458e7d5b7efbf111109da023c3b3aa7d3599ba3990f8988044da1f1d06d4a990f095a4227a19b4b990f09f6472fa19b872222c1bee82a7473a9ca8df253550482ba40e7d3bf96cc75ce4e88f28b8832e1dbfff8fa8921e2fa91f0b2085310e70b895fdd46fdceba8f18bdd8fbc770db08a8eb91a51c07a5eafbaf3fbc78f9ddc77f7f829f9e21b9ccf1fcf2df7e3efe88a4302f874e8e39c74bcb31659b7fe05e5347d76958d930bffff0e2cb7ffef1cdfa687d3286882999b660769aa89fec085189a052a846e7bfffcfcd47fa7dc02f5ffef67f7f8e5bfe3f1941c4b4c621a453edf4dbfbcfa8f992f0e8d1a3878a2f1f3f7e7c05e2df3846a793a17ff45dc414c08b6bf479b3d9fcbf9f3f3cc46fd36efe794d31808f4383c3d95053c500d7202cc00fe3df28e2f7d7bf182a01d9bc55bc5134a27a922aacc196e214a7dceefc8221231398d4e0b6602662e168896789101644156d7c94fff9bb07d75916443ae3f059e54dce2f0fcecf9b050b67717409a1239410268d5246487c7d8fc60644c3010542c154210f1ae62d0a67b358385ac2d8caeb10413dfde141bf1bc38b6c54344b38d8c8c43df6624473adc80a602b1921e4a237ec3b96dd82a385763118a4d3514995199e8baa6203cb991869d88e1f498c56b81768875e36cdaa1cc233747e4e1429bcc1fd55be13c059a8fa77f78c5f33f39a52e84a4c7ef10029023242419887fbe21e4946569d1e4bdd3984c50ac800f5efc3f11d58343e74102a2c3dadbc24a0c988a208b154316c82b0160504342ba2a14c57dd87685b6146a5a61eccbc5c7de90ce76cb1e4100ad7f90d37edfde01abad6dcdb886a5d40aa1de89930bead6a5244b38c26423c9537bc2e1569093fa1bf2140a7474705716fb35a67c8aeda5127e7080170e20a1618d285a6dd77143ac3f02c07760cf1525f3433227105c28a23842496141a816d1ab96cd417d10156d05a003ab3365e0d31ad876e06e88c1f15378b6489962072d11db9823b6895504e42b4b23889a95098172e20a48170d88e9f8bd4e94b72750e64504c40229afd903dcc13017991534066bf4644d308062165189544405ee410109eb743048148826e2b680d9b4625119017c9029210ad4f9ce64b1162120179112720597a3e142243bc90656c574078a014cbd7386e88ff6f7ad094e9f0b9192420b407dac569a70931afd1af44c848736ce85169494861a310ce1b01e1af2fbd9d2e9a4c87cfcd3001ad8c3ecf2fefdfe255084a2e3832560534706d143a1b01858c3e684fb42b5d22382a02c513f22b06e724a0b027104444c746ec2ad2ca573bcf4240b16d1618fe0a7a831242da0b627eaf6a0b038ff1fc828eb92356b7024ada0e9051e898805183c2103fdd39d19230cc2b0ee0a667e4980e9f9bac8036b59788e858c8201ee2e9d11312538f0f9382f693dab325e72ced25a1dc31101dc3afd02c2ed0ed5d4054e834203cb079a521595c56a78f25f73ac3e22b0d4921db32535f0b11b400180f46748c9a85af7efc3a76c3d027ae458159827069bf96e00a25aad316108e4d1151afc8128aac905e43cff19c172bb01c02e180e579dd3ee5843350e6437d2277e8b646f361797496967f01db8c36553fe52bf3a1be809041196eb76f9a193165189536036d318c34aa3d0a8fc62b9450ae07ec2d9e19d1698791101d68f871ad421d09f7d5f71ff2a8f30a7c1c4544ad43779c7d3ded2af5db9843194fa28ae538aa28716a66fac9c982342b9822a246818e5573de234ca0123ac44f2613b402783565a07642b71c34e15fe3236a34559de0ecc87482bd7124f1f81620504778ee06e735a99450ae15e88ed5b3971eca3ecc87023a15d2e83af72f2611d1ded01da947f19068b62e75db621a3e15c5e4d52a2594db17dd2d1a64128d0fb6986679b74b1985f6001a1d8def18a33d16168d0fb6985a5fde561411d586ee1c8d866e199f8fcb82939854995a6c335526948f8a2b288d2643b79d469a14a08cbaac2d8949445407f0a6aac1db08dd3a128d0fa7d1a981799388a82c9a10cf0144e34313629295b972d0c6dd25ec38bfcfd49a306fa79fdd944585dca82f1ef9b6b341f539938472795165d180423311cd32aa894942b93c4067560d5a70dea3e2fd03ce676aa082982494db8212e2310f6bca489317684bb429da36d72345741f11512ab441b27937114d2da08db5ed30bab3b688a0847269d83aef9191a60dd862da3032c928140334161acd69c475ca4240d3804d609bc4914944140234121a2bd85b91686421a02fd8620a7ad855d919e9e972810f61a19b846647c2494c2b2b7a22a230e80655426229a2393c1697c7655141200887474c321f120862a1231384ee97176f444002c12170efdebf0067442b407fe7aecf0000000049454e44ae426082, 'D.I.png', 'caption', '2017-03-02 16:36:42'),
(22, 7, 0x89504e470d0a1a0a0000000d49484452000000d0000000bc08060000017e9510c3000000017352474200aece1ce90000000467414d410000b18f0bfc61050000000970485973000021d5000021d501049cb49d0000170b49444154785eed5dcd8edeb895f59b24c054db8057f6c28b0efa016c63e095576e04c82e6837b2cbde30822e67396e4c76b1f753180f665301f206ae7d01f90182649d9967288787bad447519712499114a9ef1ee0a06c89127f2ecfe52529e9bb9782bbbbbb3fd13fcbe2d9bbafbed03fcbe1e9e5fd27553242269a97173774a80cc68c4ad60ab5a893919549d1ccaa64c465023efde1e22125590777038e947c0432e1d2b904e892015c22434a82bf5f1e3f7e6c7885835c7a439c67b190187f6f877fdebbf7e8d1a387c84cfd8580afdc6b9ebdbbb8a6a47eb817d2e1278a6e8dc68c99f4e1702ed499805646ba4638999c898175315c0ee8cd087f93319454b7376e84a69a6594a53686dfbeffc6e8e5e5b42617d7260d3cbb4e110b3b23433a350e17bef3c1f0dd08c479ee38a82f8e017713d7dda86373fdc48e53ee0de8308b98b4133cbbfcea36f62255db97f119c55e6061cbb5d1881a3a76876a163d341447351b54c9c864021635b89d114887f3820b44e8545eb899689688bfd98c14e97418b81bb87cf5e3d7b3a8864bc791920fe0128cfcedfd672ac92c0a0abc6e0ecee0209dc6dfb14bab8c6e9632d389d6605f00f74f877560029a1ab9a116f8eac79f85656260820e2be0d099802623b746f8771274dca00641fa2fe0cd087f93e194144de8cd4831ddab9b8caccc805b95c178534f9a70b8f355e22903e63c9d8a837b93914a1bea2f334d1948978723e426216916e15ebc34f6500dedb44677ebb02fa443ab88be06258ac9c086a91dfdb73caa66e6e2fb0f2ff6cb3c374c1f499e10b6047b02b46b17c90123489774ba3f7095d19c8ed87d80ad88c52807bf3710d571957049c9db864f373ed26579a16fee78a32c54a1185cf58491158ee1ebdf3fff0955694096cce6532158618c9cd5c463a21df61e310c7530f60a6918c765745d018788d2f574cda5aaa08e14f97bfa896b92f1fcdd03f6a6362929e04603f83f2a840a5c990a00f8b7f9bfea1dabbb2848a32fcc0936a36948635b66a46d159baa42e3b5ecbd6bb9777be2e0648a0ae86d0b9b5c6540be4201bb40256077453a0498a5a749a5b8ca80a642ea1ee3bcb148d75a835d00433a85028658e85655465b967340385e156e011c062d6630d79d5833de630b5086e5d7ee994c17c88b9b4fcb932e290378332ed329e33c5448c84549f3029e87cb8c98a56b30f71d4949f281c9a468ff762d9775807dfaeeab8f7a11731e78568171ebbb8c4f3edcdddde5dfebd90bcf2fefdf7efefcb94e4c5603a483f2634a0da02254a1fae14c0998ca804d893a1576858a6c02d744b6fdaa56e056067466b7fd0005e72a045292beb014745292bec055c4625f6352c8348392f601ae022ebb710e2bf3a6136bae196c0137f6f84897b40daee03e669db495407077b34897e683de6d8be82691bcd27b421643164552495552ddc479c0652bdda8daec30d8e0564b53f9eafdcfae66ef7600395a8f6e65008de09859fe9d44db591a726d9d4325f23e6cb546ba0580484057c4d05ad30647979d5ca958b7cfde648174d947c549454058c6a9d048753ea567a4854ec1fdfc3471b3771d58978c1d07b742007b5f86943c1d4f7f78b01a97594ee00dfd354078a3bb9f2a3cb64f26e18e3a36b674c0b667de8096c96024250150b1997e40db2ac4c97eab76e9ccbd354b2d706264e732a4d380dde526642aa4a9ce69f82a44a7cb818b06e81490b14295f759ede779e810800ac19d827115b2ac4f87eac3532183b132205719100901e3ba61293a541793ae3775db067115a27bc1dbd1a1ba70035a3a8c0a8168e5b132205719509d436526d1098e55875d00109aa2f128d46ddf18b7edde0b7ac2f16af08f1933cf044bc162a8c06c6005f8fb54b6d25aec45c916617b358e94ac0eb802cca82a4d5d70043992b0683e369a4ec55acbe6246559165cc68bb45a9a3dbfc0e2ce81ba0c9b3947b7cb01ea78f804b274b70b5f4c598fc3f8ebe6a4e465c065e892b38a0f817acc3b0f32589caf0c4cce98b9d784942c2fb88c0c29c9262c592bc6eac1e03252ccde1dd8413bb77340c1dd4ce85411704b5b742a0fec1ba36bd0e1e278f5feebd15a59e749da5d9fe63c5501fd984ad1a1634055a88cfb6e196f3ebd7e79737333ff2893607fd8e3fedb4fdfedb3ce22e061fb41cd5a53434118d858e91c7d7c8b80211cc3d81423ed89a5e9d3c852fb648275785cdb84d8c72832d7152c23c43816c5d5d5041adc31c02a6b2e199c3582c61d0f77db873e17cce63b0994f1a820c2f770162893d832508d1b3deef828e351666c19777c142365428e7187a5b8ba3cc832eef8b8d326d766201c6d81395ff0f0f3e29acb7b37faa24c55d86c8370615e792bb100541ed73af76a8e7810f4effffccbf286639d9e1bc5b5a51a4c4091c63cf8f9d27ee9804389c063135317757735165f68343c22300cf2e869135a8f18dbbce69ed6059047c8d7ff0a31df1ae1104dd531167a37650bc048ac313832c6e1a8bfe26eab4ce55bc9fd557821a5a47b70c617fdbcfa02711ec69ca8030d0f37a78ce07dcdcfd05616f7c0571662e57daf7da99caa729403184340413343b84063db0dee82339c9b9e8209b67cb164eab31fd0f337192b6c4e82c644a59136660c8241e0d2160d6ca0ca93eeeef6524a0cb4ab88db50f36d05acb9b8191dc3ac12aa52d74d10af2235974a08fd9b40a85fdfd140b37c830cb4e7b8520aaa625ed7d1858194519a1a574a811daff831c88c353616436ece084be40ce4aeffa97952dd77b55b80aaf84c4d4cef84815cc32daa8a33c2125d0379d4735e0f9dc0104c23683a836d7503f9821b8f0b3e1e06f7366f009b9692168dc19133c21295817487082c579f915a0c42c36fbced4497d84003a5cc83ccd20eab82e0f99b2a3b5d724ca84a464f00f5b74d02c35918c0670417b8a7fdca5b048f391ec16d31958d227e9175cb58903281e668b9e06320c4bf271321b18f5cfa4c3c54d090a3d786103d5b2bb5467e47198f54658aedb3d09b0b5e7793cba579a9544a59f509dd9bb98a6de09a517c2865ac94b2340155f06ce30e7d512b5b430c65cbba8fd5dffc686b6fcd6d9425a8fc36b961eb936c7d40153aadc2306ae09ca7043629ab97f108bd9ead80976d6e76a5180b75a7cbdb84771fc5e5ce4a49812a779057687a7eb438ee7468141f547dfcc652f5a4646dc133734f7a4cb727a08e4e9d75bde9b4a025d8e36ff3e3d1b9e3f96f7e3afd5d78c1bd7b9f3f7ffe393e45767777779c85cc23e1fb0f2f6ec5408de2f58717daff2b151d7bd7b3578c51e4e583be57988f8861d67f0a738f1eda77076594c95c4442dc8600b5e8074b2c0375bf917624402d13e310c5cd3502cf121328cb2d7b032a610c335254b4337ceecdf06c9ea76e158bdb1b9a957fe24f7042e8e6a0a86827acb9378b122cec8175f7469439517d44a84753a2b9ca5898fbf8286eae16a006c600cb6cf5418e2322d6bd19e23aba85a02482830397122c9447f083911e4ab05018aa91d39ef93e5182859248766f86122c94c356f76628c14221a8c6ddeade064ab0901f49731f1fc5cde5876ad83cea218a9bcb8ccdc18143cf67660429c8151cb8947da24c508d99d5bd198a9bcb84dcee6da4040bdb51cabd198a9bdb08d58845dc9bc5fe967e30e740cfda9d89db0ab1443e6cfe3b91cc30852e2c7629e3772af721c62555d690c655e94bab302f55dd5efffec51b32cd80e25f85ca4555c694e84b7b0528b2833afeee8f6fbffcee0f6fbd4a6ab6b78518c67c207609da50ccfd77a7ea3c9f3e7ffc355ee1fcc7ffffd55f0fad26ee067b11bd7ef90318a80c8c870fc7e203b2ab3fa20145e5fcdad576463e013b54a005352d161c864114e6fbe2efec479c5c3462a4f448725f35798d03754c0c63e81868a43292f737edf0d97f3effc25cf70c61d8278098196774638a33c31872c67178a30c356b941d8c947ffe556d70559d81b23460d5c29131888f30d41874c0a5cf5ea32cc51caaf1a18acb3b5500aa59548c43fcca16688285108e3db97807cce5d2d6503802b2a58fb1863384218c87f44837195f943a9ea0f115d78c35d9feae54af3a28d1e330f3a7db033e0319a30461c55813030d9d8f2f5b0af185e22aaaf1019967f3ddf3b1c73610ab141b88d2600cfca5433330c69a3d40926fb9ab914f7d7efbfe9b8799a220d70da07218c87d95c471180d69d0d01365286320b4f62a8dce7fa4ff8e40399c72c55175347817ba5d3bd8eaf21cf7c6c1180486d406716919c826d4620cb6daa3b7b9b9c6df89d5515eca9c69eede0c260a59a363181f57d595e6e61a378e0d55e03837a11a842eb58106640de123638c35b2d155ac819a74696b185c4560d8ba9f81b87c230cd4f10fdc1a0419a94f03b1eaeb12ab01444706d2d38a3de736a5b01840f463a0c37f079c77797c14671b080d094e0ce29231c01a3d06623ad21155e303e7f298799031901d21e1df33c318320658e3cc40f4a0c958aec3bab435b86e0446a35306c640b6e16c55cdc818608d7303b99d8777bfc706fcf8a411744378d7e2aa1a881b7f0e3feeb850956627b29ed5ec6a06623bcec0e384d421f04673d386d8c340fc74e09cdc9c3b08cf781a908d31ec8db95fd031968c01d63836fc827a34cfc6cda9ca2eafd39dc6a245b570640cb0c651b12aefb5f5c3e3bb39f442bdcbc83780c57165184632abd9301c6b1843c6001cf1dcc2e4e1463d8966cb61919fab1d0b5e1fcf1069e9321b6854f464182cc640defda020e3103d653a0e16965058ae34081a7b6230c6208b5be031c6d13c72b000f7c6567a95611b6130c49a416ca87b276d6da31e748b63016ae02a1c42bc369f6bb965e828e98f57ada8ba5f2ccc7d8289c6d9d283d53d925433e1118385d5b94f2cd55810d293912fd2e9b12f4307313c9c8a54a5b6f75c8e6874ddf81cf3196446757faada3150b4b176e21657db14b48b612a989f17d7e44acba8d5e161dc9c76374c053373b20ca3e737a555abee4fd9f50bb801b672d9b8fcd8934a53544dcef6487f509528d640a12ea6a49aba7773651a26ed6141756dfeced2b39bcb3ef751dcda634ba8a95b37a70a9fb1c7e67dc41686e6f349629ffb44b97a6a293f0f83abfb67e944393b4f15e4e9a1751e4ccfe4f6fa52d1a6b98f6aac52aa59023a045b9e10f6142c90ebe02bb2ce5d7b223a46ea3bb7dd040baab0f17e1d2e26d37ecf560c1d2c494d7db8b9587fbe873b0b41b49a7a7073a8145b78863977494b615053b84768b5b38d88080eba8a7a8223bd96f789a8b7f105376c68ac4981aac3b29a5a767301eeadcf19b783353535ebe6fc85ae33e1ac0d55375e4d2dba3976615419acf94173237c6a6aae43a2403a40303c883b0b053aa263a4b3aa7f17d09dd44c705b0e16ce1d5013dee0e87e3b5c20e81a6ffeeb970fdffef77757f812bdc1dddd9da8522058c3af3ebc78f8fac30b3dcd522222f968011d6e3a29106405c4835914cda6f4778395886ede7efa4e461f81600d7a49c25d3b52ff7ff3e9f5a1d7cc0482cd60c5338ae8e246562604020f16c573e2f1bfc62910c4426f750e3b689c684e540283d0e83281408011458923f8a13b119140602130749b5244241044846e1c65514170ce880edd5cca2824385718f1847df67895b23227382f6c0add5cca482438276c0edd38ca7c48700e28221e504621c1d1514c3c862222c19181ce8d4ece76fe5c94504e7044645d3458a7acca098e83e2a11b4f1191a07fec241e990f098e0174e2e2f31e1f4544829e5179dec3531615043d62b7d08da7cc87047d61d7d0cd217d855d4424e8032d8967a48472821ed0a4784e945148d02e9a583458e7d5b7efbf111109da023c3b3aa7d3599ba3990f8988044da1f1d06d4a990f095a4227a19b4b990f09f6472fa19b872222c1bee82a7473a9ca8df253550482ba40e7d3bf96cc75ce4e88f28b8832e1dbfff8fa8921e2fa91f0b2085310e70b895fdd46fdceba8f18bdd8fbc770db08a8eb91a51c07a5eafbaf3fbc78f9ddc77f7f829f9e21b9ccf1fcf2df7e3efe88a4302f874e8e39c74bcb31659b7fe05e5347d76958d930bffff0e2cb7ffef1cdfa687d3286882999b660769aa89fec085189a052a846e7bfffcfcd47fa7dc02f5ffef67f7f8e5bfe3f1941c4b4c621a453edf4dbfbcfa8f992f0e8d1a3878a2f1f3f7e7c05e2df3846a793a17ff45dc414c08b6bf479b3d9fcbf9f3f3cc46fd36efe794d31808f4383c3d95053c500d7202cc00fe3df28e2f7d7bf182a01d9bc55bc5134a27a922aacc196e214a7dceefc8221231398d4e0b6602662e168896789101644156d7c94fff9bb07d75916443ae3f059e54dce2f0fcecf9b050b67717409a1239410268d5246487c7d8fc60644c3010542c154210f1ae62d0a67b358385ac2d8caeb10413dfde141bf1bc38b6c54344b38d8c8c43df6624473adc80a602b1921e4a237ec3b96dd82a385763118a4d3514995199e8baa6203cb991869d88e1f498c56b81768875e36cdaa1cc233747e4e1429bcc1fd55be13c059a8fa77f78c5f33f39a52e84a4c7ef10029023242419887fbe21e4946569d1e4bdd3984c50ac800f5efc3f11d58343e74102a2c3dadbc24a0c988a208b154316c82b0160504342ba2a14c57dd87685b6146a5a61eccbc5c7de90ce76cb1e4100ad7f90d37edfde01abad6dcdb886a5d40aa1de89930bead6a5244b38c26423c9537bc2e1569093fa1bf2140a7474705716fb35a67c8aeda5127e7080170e20a1618d285a6dd77143ac3f02c07760cf1525f3433227105c28a23842496141a816d1ab96cd417d10156d05a003ab3365e0d31ad876e06e88c1f15378b6489962072d11db9823b6895504e42b4b23889a95098172e20a48170d88e9f8bd4e94b72750e64504c40229afd903dcc13017991534066bf4644d308062165189544405ee410109eb743048148826e2b680d9b4625119017c9029210ad4f9ce64b1162120179112720597a3e142243bc90656c574078a014cbd7386e88ff6f7ad094e9f0b9192420b407dac569a70931afd1af44c848736ce85169494861a310ce1b01e1af2fbd9d2e9a4c87cfcd3001ad8c3ecf2fefdfe255084a2e3832560534706d143a1b01858c3e684fb42b5d22382a02c513f22b06e724a0b027104444c746ec2ad2ca573bcf4240b16d1618fe0a7a831242da0b627eaf6a0b038ff1fc828eb92356b7024ada0e9051e898805183c2103fdd39d19230cc2b0ee0a667e4980e9f9bac8036b59788e858c8201ee2e9d11312538f0f9382f693dab325e72ced25a1dc31101dc3afd02c2ed0ed5d4054e834203cb079a521595c56a78f25f73ac3e22b0d4921db32535f0b11b400180f46748c9a85af7efc3a76c3d027ae458159827069bf96e00a25aad316108e4d1151afc8128aac905e43cff19c172bb01c02e180e579dd3ee5843350e6437d2277e8b646f361797496967f01db8c36553fe52bf3a1be809041196eb76f9a193165189536036d318c34aa3d0a8fc62b9450ae07ec2d9e19d1698791101d68f871ad421d09f7d5f71ff2a8f30a7c1c4544ad43779c7d3ded2af5db9843194fa28ae538aa28716a66fac9c982342b9822a246818e5573de234ca0123ac44f2613b402783565a07642b71c34e15fe3236a34559de0ecc87482bd7124f1f81620504778ee06e735a99450ae15e88ed5b3971eca3ecc87023a15d2e83af72f2611d1ded01da947f19068b62e75db621a3e15c5e4d52a2594db17dd2d1a64128d0fb6986679b74b1985f6001a1d8def18a33d16168d0fb6985a5fde561411d586ee1c8d866e199f8fcb82939854995a6c335526948f8a2b288d2643b79d469a14a08cbaac2d8949445407f0a6aac1db08dd3a128d0fa7d1a981799388a82c9a10cf0144e34313629295b972d0c6dd25ec38bfcfd49a306fa79fdd944585dca82f1ef9b6b341f539938472795165d180423311cd32aa894942b93c4067560d5a70dea3e2fd03ce676aa082982494db8212e2310f6bca489317684bb429da36d72345741f11512ab441b27937114d2da08db5ed30bab3b688a0847269d83aef9191a60dd862da3032c928140334161acd69c475ca4240d3804d609bc4914944140234121a2bd85b91686421a02fd8620a7ad855d919e9e972810f61a19b846647c2494c2b2b7a22a230e80655426229a2393c1697c7655141200887474c321f120862a1231384ee97176f444002c12170efdebf0067442b407fe7aecf0000000049454e44ae426082, 'D.I.png', 'caption', '2017-03-02 21:06:59');
INSERT INTO `photos` (`photoID`, `photoCollectionID`, `image`, `name`, `caption`, `dateUploaded`) VALUES
(23, 7, 0x89504e470d0a1a0a0000000d49484452000003c0000003c008060000018dd1200d000000017352474200aece1ce90000000467414d410000b18f0bfc6105000000097048597300000ec300000ec301c76fa8640000ffa549444154785eecfd09741cc799268ae6715e6423c5324152926dda63f76cddef9e777bdc9eee1ec9724ba42992cd7d29a00aa5da50852a54615fb8893bc5055cc57d055710e086c24212244870df49519bedeeb9b3dcf3fabeb97ea7cb3e6fa6fde6ce782cb79d9a8ef77d91994554012848b2644252fde77c273323232223e38f3fe28f883f22941ce5284739ca518e7294a31ce5284739ca518e7294a31c59344ef1fd76a252212628d5629c562c2c67492f293ef704a512ef4c4c4c5dabc464f8e7f36465bebc1fafcc765bc124cd50c346a152239cf0e3867f0fe0b71052eb4410df2c55ca4558898b28fc54c0bd026e36624abd748b29feb15694922ad4325183703508538bf86bf0edea3e61a34004ef234a69dabf389f718e0dc03d04ff4c03d353843888428471e2dd2cb84d05a6235e621afc4ec27bf35fabd2f26168cc479e44d3d2f054e815d56f4c40268f536262bc1e4e4bd0f8148359002a91e00afc701d7eb801a81753908953e0360b19f0aae24c6370a11a323cc8342280b87df017843fdef35a0ac4e01641c65520ae4aa516d73a5105ffd5785783e706bc8b29ce3406d7a8315187707592b915f05323ea651c51200ed4207c0de289a7fd8b1f0c2e43bc21f80de01ac4956922a30937ee0be13e5b323a069483c915f83f16e61afc3f995c87ab59b89927e380f1b81f87b4f2de04efebe57532f2ccfafcd3a35754af64b04cb01e1c80c155b24492a1fcd129b84ec595257b1aaed3f07e2eae930760b01f191540c697c04f083f1c01c8cc88520606900955402d18520946cd170bd44590ca2a315f3e578289e5fd185caf46c402c45b8f34d721ee45c8f4f988e375b516e1ab119e4c27d233970cae855fd60c115ccbe5b54a84d51ae1457c8407615c702b42f8b9c06c6016dcc8e869b84ec637a7222cf3c094524a75952cf876cd365116044a7e15c2a417b2a7423683c723335fd6fc833098a5b64ebcf415e76bafea41f77825e89efc95c06b73c0a4d93253eac50cd593c660bf566a84c0c81232580f7ee8d13d6e9fe671873597bb542b7e4446d623ec027c37ee70bac3aad31d052af28b5f5b88cc5e84f74b81cc2a7aa11a857b1cef63a23adff78bb8c38570b311ef6c7755bee717f3f16e31b004996e054951589de10eaa3e77d8e173fb909ed908370370e19e988d7f98a10625a6e2df2703af22cd267cf86f02ff8ffb9771ff12eed98cbd80388997243c165cee97b5196979f254a8af04bfac05d232e555fc805932cb5172abfb65d81cbc631be6c13b6694e52c2900092e479cac8643badfb09c2505b5a9897ac4b9483238bdad242d930caa142b116f4306835f572262b97c1f16f3f2bc49cb595279be3bb904f1ae0056a27058ce5f6e4aaba2b574a5c0647039aa9b9898318044f821d5c57067d54669b09c2545d51283ca504c8d8bb0e64b6370040c5e2c25b412d2d69fc18d88b311ef37a1865896c1e05550b2f87e252479419e3f8dc1558ee22499bb1affb301d5b6e5fce5a67406c7fa317832329a6dd0ec0124c203c653590943d25c195a74252498eda464f2b3813406573a9c89e5705f45a00058ce29da00f74d60fe467c3793c1ab51203620de3750f52f5703690caecb2f4eae457a3622ec8601d2fba5249bc1d40027403a2c674953c1e0a978370befe622c3e622535d901c8f5a2afc5a044a4a25b4617671eaa0aca4b7c1b560f042847b1def57a9956209b4dfe55a855881f06b71bf16f1521237a190584152b41505663ba4771ba470d933e90cde8c6f6f45d84d2a0a477e3a83e7e17913d2b919e1b60fc0e0d5f8fe4a14e265f8cfa5d00f5ec77501305f6ae631518bc256ad568838ae440cdf6097cb0a9e2217c2cc61ad862b310df7138109c038c46b2202b7d0d32f644f942c74879058cb59d20cc5e39e89777391706a96ac8abdb806f1d361b845801818c16e491c8a88154cd202f48397c2df32306b15998c0c5f8db064ea067965355a0146f4ef4a6c87fb6ef8df05346648f03664dc0e7c772baeab21b196b3a4850e5f722bc26e0176e1bb96b3a40668d19be0ceea9be95823d35489f4b196a84053512115be79b8d6c00ffbd9d4eed9edf267143217fc150173e08f7ac84c846177d1ac09ed6e651c8a69ffc2f17ba757540f18cc3e6ea598a4a55797b3c160fe800b08424abd487009eec3b87290a21a921297dd961a5199c1e0f97ac8580209582933b45cac8314131b20199b818d08b709d24c49b482a4a809dfd80fe63621fec68cccdd03c61e409c4d607223da5ccb59d2d251fee42ed4323bf0bd83c864cb591219bc01fd777e7f0dbebd1692ba16e95981e795b892c18bad6e563de2a012c8e665a1b240c432d2c0ee1ffbce1c20990d69650d3719f14c44dacc2bfbcd1c33e85f3bfddec99460b3233f594bcfec19daa43f9aa115276603337457a2448f48c6c6c1803268b101dd9bf0e8b3133eb530513c66eaf7ad6092eaf4d7e6d5eb9ec442cdc412dd67219058ae8712cb349fc472c7ec841524458711ff1130f708ba5f990c6e42213c02861c41e635a9be34062f1fe94f1e80fb5e84cf643069b103df441a1669011348df7ca48da8036a5413e87e5d20c3a943d4221da5cf78e26c823c4058f7b9fd28983e3098833845df087df043cd99f8a14ab8129354cf07f6c8d714bcb73efdf468821630d80d926d889ade0fcea4801e302a9079acbacad574cdf8d3a48388ff30d2d48cebf60c061f84f41d45c69fc4fb26259dc1ab47fa92472473abc4715c2de78f4d9458f6b55f0793596573e48ca36aacb6397c1ac1330770426aad70e6a5eb01539540720a6a252aa793e1c7727e7a44064f4035331d899fa4fab22628a49518e6a81347a03c9f19830fa39a3b820c6e45466632f818f404ba9f01838f66642e197c1c693b8a772df063397f6c6ac037df401c64322599cae23cc45b8b7f2793e37817c53b3657bebcf4666286529ae408d61448feb06030980a09663ff72330d81132589a170055aaeb3363702bd27202cdc609645426838fa29b7402194c061fcbc8dc75a38292c12d087f1a57cbf96313dbeb8d52398c81c1e516c8e44ab1546b40d5cd214f73b2c49751c8a6a156e178f64cf8990ac1b19c9f1ecd504b0c4a2f871ca76654d12e7d86ab1cdd9d1a256894e95e631ea48743811c42dc0106ac84fb1abcdfa0961a6f68afb9ac6092b66925adbbf06ea71632e67d6df6af2d67496f3a5cae6308734c09192dd0b689a34847b31636f639fc463be23f09094820a39a3218dc8a6ed269484607fc1ccf4bafa2b78ff426c97c56df67066070b31a348e2a7ea0c43888b4edc7753fd2b05b091b3b919eedb85f0f2ce33f21fc3ac4b341ad13f3f33ddfb6a29054ad955a1a76a588a2b62942deb8b432c3a9050d17ba5c1cdd7322fd33a07459419e1ea1c419d3d16638c1b859aa272d416168d1d528a9d42ce7e16739c8cf7eed32fc3cb56366c266b8ed80dbf20c2d7a177ef63018c1b6f04d2d7da8723ffc92112710f6b46446853865a11da05b0212d081fb4c069f0083db21191df073d0912e3d6f8e0c264f43c24f239313f8aee59ca263706b46d866643c9b80238c03dfd88feb1ef91f51b11d85f84ddc6f90032ae5e8a655f7eb8bb33b550b540315c8bb32c45b02addc8338d9e32083d9959aad943c7d06cf42a99e891f2a62e2f4f42a3aae45dd646e2dde51d958ca9f45c2d997e440053380830eec73f663b01a310ea1009c84a4ef43d56e394b3a08bf6d92913130b54ca2137174c2ff19c9bc38eeebc4d901184ce6b1109c01039af2d3c7a2b78ef127cf5a71750cc8602a5f6ca32b653bde8aefb4e01f8ee17a086e8790d63d78bf03d886f75b108fecbba3cab6a290b410858093219cb1aac53f509aed2adb8342624e93727068180c74cc5002064b1d1355aca54b70a51676b33fb8003fb30419be383f945ca6962597abb1e4eabc5239a84030535669be34061ffe4ae8ec5e7463f6e6459347d4d071cb59523318cc6a985276137dd3d6fcd264ab1a4e36a33d6bcb8f834935606ebdb8848ccf64709b167adca19624db81430eff8f2c67496f7ec77fa705d5764b5e30b9634c511af349fb1caee4befc40f2505e48e200d0a4e21effd3a4962677ab41a4b734b91de137a97e20985c9d5fd22f9e7aa4b30e7eaa908638e288217c09c2fb715f0cf722842b56e2c9e9f985fdc2fede6936da3e73521e0a83e6edc7606a906c73d722c32de7146d018376c3fd20da9b46f40f2de721a9157e298594d46b9000cb3945ed5a040cae1397f1fe44068373f431c9892a9a93061c7a0c6730b85e0fba39d4b81c0c7e13b09c53b4074cda0f461c85c46dcca8a2b3d111f8ed4281ea4601b9842ad5724e5137de75c1fd1abe9963f0ef48c5e8db72e88d93f3651913fef3758f7b3918cc31db2d0348f00130f800dc9be1670bfc5ace4312abe86e843d07469e50d29b055297562e2ea29dbb063f2732dabf1c7d4cf2a85e833326513238a31fbc0855e94a643207e6079a7ee3b060b3b2008a4ab5d89621c147f24affb605ed12b4dee4d1919e9f5ace923ad05e77a3faed81067a19da67575e38d9995796ec80df736a3c7911efae20ce3b034870475e4992fecfa1cd361195380b74a23d651c12f063e34cbe3f7932df9dd65eef1be1696a467b094d3e79383fd8afad3c88f8f6a28ddd8536d9724ad13ac4bf02df5aa606928b81d7e16f21dadd062590ac459ad0b54c4671f57fa5f8b115e4e95140f581c131f4e92a443c43829780c19c785f8f770331985d8d66b4bfad2820dbd4749bac33e817b21abe0c46a1cd4dd3a27b549ffb12e2641bdb8b6f5f95607b5c0ec696cbeb5554fb77e0a72b83c197d1efbc890247e9be8eeb75c46fa216eeb5d2cd8ca74cc67b0dcffc4e02ca951585a463ba2f711efe2e226c3b3472cb595293e21c7b0ae14e0007f0dfdb336a912dd0e437e3fb9c9a5c8f74be01d0028503403570a3d120c7eb4b33e27d2a148004c790019c3929cf30d96984a4ad57abf1339562abda9fc127f043a7a105b7e187f668e90c3e0d069fc5cf2610eec8e8f46e5287160483c9489301d7109eeded4d5c6fe1f916d27317d777c1b04c0926e3c8e09bf836710bf1dc847ffb6abeab06c86c32be1ea8106d19538b64700fdef5e0dd55f8b39c2571f48c2361c711df09f8c91c4ddb0177f61ecc69cf9864f262d4464bf16c4e39d6caae65d570607089e231686e4a4bc42a359dc15b548f7b03aa50f67509cb39451c9838030673506227a4d272969450fd3fbda00493e7506d6dfd46715a157d68d4ac991d8e60120c495e41d782b80c7f442faa3a5e6fa0dabb3a40d5797c54e1bfa71fdb5fdf70c46d259cbabfa9849297505d5ea6dfafbcd6694521e94cbebbe912bed1a31427cf640c98907669c5c65ed5636cd7fa0fc96e475e6c072337a1b06d71548b6ac71c633efc47b519c6223582bca4496f1c923c0cc6a24b20c1945e8eccd46748f016c56731b80c7dddfe03071c713a0d777679f66bae8fac647dde698f468304335f966518fe2d44bbfe3aa49fe307d5c361a023ac050c32974c9ea7a50fad6d8354b2add98577fb07603087183958d1a5567eb9188c6a99f9b113d5f28a8caabf5e2d4e2e0183e7a3daaf52d205e6a95004fde085480cdb8faa8cb1e8b5aacbb54dad11bbf506b447fdbb4909843b0c85a34d5b28f63b3efa40c7e79d684dc21ec44e25225665cc68cdcbf3279729f3056dbb2b95ecb373bf37e2f418e740adc734a24505b5cac6e7fabfa776490c34187158f79c6e578389763590d8ffadc2d396b3a4e6afcefafe393d9c38a74712e71c91c4055cbbe097d78bc0658dd760a2d311eb67ed71e60f4389f35a2871438b4a5c875ff39ed7089ec3128ce33ce23caf781297556fa2b3e0b5262b0a49879e9fdbd48e6f9cd37c892ef827da91a636b89dc17db31e4d34e3fb87a18c5941527410ed2b272af683891b75d707abf19dd508b3520b265669a51fac441b4cdbee7a257da5c8178ace6aa5462f32e12670da916e36db83b69d7d5c6aca779011f7e0a72f1ec09da09fcc6ed22dd4187cf710fede021ea3e6e195cf26621277704fadfa2edac9fbd0e4cf664c2d9e7278a184b19b5589ae1aba6bd0357ad82747d8b3d07ecfe3dbec05509bce1c0f3f24191c937661fbf0fd9df043433f3667ec52ae813b8df3177c91197c5e2d35d81fbd8d1fedc860f01db4edb7902964f05df8b98b0c21eea18ffb10ee04dfdd4266f56664ee6db50cefe3e2910532d3bc3ec123b48d0fc85868b10ff09efde99e3c571a83138e6230b85cdcc03bf6bd2fc3df655ed55ad10d065f84fb79e00c9e4f6458761e87bf63c021800ca6911fb5ea2df836ad45c9604ea72e55d217f37da1e8821a0583e3c8e48afe0c8604df85b4505a6f2825e27e41505c4717ed1a4afc2d352ceea0ab71450b89de02ff875690145dd05ffb8fb7d590b8a74506c45d35286eab7e71432f16ff1edfbe87cc6661b994ef4e63703b187c07ee0f9006d61497f508185c2a3a11fe98ee0293aba51477a8f5fd19acba21c1417150f18bc35aa9d88b7fd80a8d7983ea139bb4a81c00598378570c0706d7e7152569d6da88aa8fd882924fbbe3fd60c03e3088a59426302d703f09e93901c5a21d92d68577c445b873c8f188237da8920c661578177e32197c5f099a0c06de4178cbf953a7ab5a18d537195c2e7a32b4dd0e54d164fc4df4e16f64a4813ac52530e922706e000667a39550b23623dc3afcf7aae130e1bf50f51bb43de2a8cc46246a1b32630f4a6f13ee8fc18d968d643087ee1248384d613af0fea2520bd4a094d7a35a9b2f9a33b4e86e2d6250423832752e63c2bf2f83df435c96f3a74e8f501390c1f79086cb19c60136836fcb11affe0ceec53b0ea7767d020673e66dbd94e0ec56aabf175aa8f80db619e67a2032b716da21ba3fb86f06935b90d813783e03770e6a9c0343cfa1d4db0c3e8b77dde84a1d294897e06e2d6adc4358666026831fa10d2673d95ebe874cb49c3f757a80da866df403b51a0c1e5882efe07f1e20fd96b3242a769791ae4b48e3796dfec762f03ad59fdc867c218357a129b19c9f1e2d8204af4306acc50f6d75443f5caeb9dc8d9ad3bd1157628bee746fc1f34e5c893dbacbcd418d2304ee5b750fe074ef1a33f59f58514abaac9519ccc00788f77cc6f2d1fb6883ef41b37d88773ffe0cab6832981af603ce5af5637030799f0c46b3744bab10ad633ceee6314e8913a33ccbc860363ddd5ab5687d26103f58e072375bff7d10ffbc07cf3bd12c6d7304dd5b507b35e29ed8acfb7fb50df16ec477d7a106b13ef7f468b9e637d6a39473ddce0a3dbdadfc5d880ca6f6ca0ceec968836d09a6b6fb37f8b6e5fca9d343149e4748c30330f172c66c522718fc0035cc1df8790029667342b0c6b9829a85b3559790b68bd037a86177e1f90cd27c0aef5a559ae546e53d2d3869dbd58c2bedba7622be1d1018d6866b868304af507dc646248a095a9b5195fe2e744532d8ecaf5e70a44bf01dc5e33633bf4cbcfb1932f8815e82f8abc55b60f0a58cb5c42746b9936f81697701f6c55918896b4813bb77e69425a733514091c6b3b8e7f4278d053944db86675e4fe21f69b84706b35fccc10f5a67ee42edb13463e8f7a9d04a356890b95ce5b72a631defef423683ef23232e1404d319ac7adc94deb7f0fe3d4888e5fca9d37b1a0742d04f86f6df3c36bd1f7ce8796792d2fd10cc6041a33e701f57b35b5526eea2dabe817097d0fdb9aa46a514734084edf205a4f98246292e05936396145708f68f0f20ec5e5ce50c9c9a6e02f5546835da608ec0d0808e3346bbd00f6dc28f1d41fbd18c1f6b514b056d914fa17f771a68875b17de77033dc0055443bd0873e41be9f3c157a1455353663fb3bb20a31f0c067330e3319491cf528bce1168ade63568ff4bc5602f329d83e88751fab8b6c79cd02f97d3819d289934b32138ca43935696684eac3f04a3da32fac157b4904105861271ce916ed1711355f45bac3a8177f05dcb39479f05bdae7b8c466432cd50382db80f127a00d5d671a0154c3d0906b543e34de0da053fe7503d9dc33deda6a8845cc7f53efa8aad05e9127cc111316eea68d35015778c8ea431b847f3b91f20ce0790f0f77312fcd9d22abd78fd2a359858a306121bd57062b3164a6c514389dd5a30b113d803ec070e6b81c411cd9768b670126ea72cb4ea91c4a1af39d3d6075f1851da7c19ee57356fe2e8b78a9b2d6749a79e2bfca3ab787785b338a3bcfd666b3e4de258766fc65e5b36f53ee31cdb05343dd7ff3dfbc25de8ffa6c067cb8dfd62a2c9020746ec7b1b9c856b7866ca47ee3fe7e813d05b6a89781bb5d36336235aa4cd7296747184ff3f7126ea316a907ba8a92c674964d86d84a3264d2dba17b50d47b67ad03da2a92f97d470694c1b40058bebac9ae1c629440eedd218600fae6f4277b1a2ccd167416fa3abc236fe6d150c56a3693545b7c39f34a71cebe48488e52c89524d83be1b78cf992682fa06679b383edd0db0cbc4d58f5c5fc5457464306798c8e40392c16568f6bec0b349c381de813ef13e32fb1d28816f0dc8605a6e5681c1e97df1a6e7fc63d927a67e619ae0723a915389957286e93ce2eb0468d17206601789d697b46e3908dd85c3bcec2a6d1e0e930d1b474c6bdaaeb8923bd550729f5a926c025a9478f2705e34d9a296254fa9b1649b52966c07bad4d264679e37852e69846ee25c7e28d99d174a5ec80b26afe0f97a9e2f85eee7d3870949b7f38a92b7555ff296a3bfe5e4a7458fd14f7dd762f0e30c06773abc49d90f07c3385e6d39ffceb42faf2cc9151fb4dbda321c26fc97eb85096e57c43e308dbc4d7394b8e05609278033a8e63a512acfa2745e844474b3938f7bd39eb91c5ab259d26f415bbe89be332d2e78cf89f6c7707f047f6f658cc9de7d2636f66d64c28ff03dce09675a6d7c5af42ed2cae948da573f860269394bea41c17a0bdf7f0c3c403a2de7df99765148f0cf7bf1ff1b87038357eacec46e5433540c38967a0c093b0ea69e0453cf00542658259d871ff67f39086fb749d771655bc5eaec2eded34cc636b7e14cd243b8514aee67fce8bb4a6c2c159cf7f0eeb61216773f2306bf0de64a06abd5fd187cc911b6184c25ebd393e09daa3f79087172aba761c4e00ab41b1c48af124da89af7e507934d8e50f220aadd9691d164ab239a3c0eb75680b33067813323fdc97b5022ae414ac8e47774281f8e92648f2390bc951f4e5efb5ac507b7514572b2814385d6e72491c1747f0719c1e1c2cf8ac18f5140c960a9496730f882a3f4536130edb5081a1f72a1f881bc929f73a71f3278db7050b2966b2e54d1e5607019aae68fa7145cd083865945a3eba0a6b7a517d16f66156d1ac4a55bf89b0c8e490633f33f6b064bc3bc0c0677a13092c16f0fc0603619b7f05f575078a95c5d410d70050a560f9ecf031d6882b824e714dc4ee2dd715cb9290c67970ee17b871096930edb8683e1fb32cd29197c10d5f071b4b196f347a26b5ac4b0d7075dcd8ba731f8bc164cbc0377323293c177c160765fde41067326e7b362f043350406c60761b059450fc460b31f5c8d66a7413645ecff5e52e741ffa897cd551798da8e76fd14fcd0ba85c6ff5cc6c361dde3b8728b88bdc8cbedc3c1268b0c66157d0838a67d3ceb8aeb5ad4b88d705c2cd60bedd1729674490b27deb6189c5945db0c66e6b370645a4e7e5a74572d45211a8cc1834b30bb4997d41a30b64632f82afad197915e9ad55ec27daa9b84f7dceda71def68ca44704f9266808aeae601d63effde69b95698e04afd7df85176d29b9492e47e7475f6a981e44154bbcd79a5c963b84fa8d1e49eaffa665ac1245dd7cac0e03814a50a714d8ba19f5892bc8ceed615359cbca2957dc099242a59b48db282482283df4326d05ce731aab4076ad9cf6fe7c592b75148885bd0036ea3cbd51757f2cb92d71de5fdba5437a017dc461ad3c396413f284bbe636bd190b84c065f84049b335a03b7c127bec3214e0085ef84e234872779cfa14d3c375957ae3cb417007078f2099c63970156744f8fc8e0dd6084bdbfe351fc2c27afb919198dbedb006ad29c453a5210ec3725683398a5fc0e98c64103829947e63e06decaa8fad94d62d7e55d84e384fffbc0bbf8665f708082131136fe9a714382ac2852f42330917164867f076e264c256b2009661ad98d6341b49cbf784406b30de65e5754103812c359a466cd541c3a91819c2aecc2fbd631e99693779572d90653d1e2e43e6db0aea39abf06dc46381ab2bf8bb09c36b48248a25430631fc19de63404ef690460e36d8b41bcca7bbcff11c25851a4e83d0d052923fc5b488ff98cc286e681a3550fd5e080126c16aefe6b9fbf30b40a5af44e4821b5be0350220ea921e3a812365ab452639b1e303aa06070e3b173686f4e8d4997e0ee82c0afefaa11e30efcde544a8c1b4ad040156d5cc2f32d356ca01b857bb839d22d3a4877f18dc77df0b6529a82fdfc8e85b7f1fc40ad36aeaafde379470f196fab2503c6f548e1bb90f18e1637eee8e1b419ad0b05c57f7b47f51bb7349f71f933dc77f3a9d34add93e08266ce7e1c42e9b79c53d40169e4a663d41c3319fc4525b6b31cb4b983c2cd2e6057c6c2bb5e286f34d9e9c4bb162d945633ecd04bfedf47d43a7100ef3769c3603669b9560c0653c962f5dc5fd9a071d969bceb84041fc9d8a6e18b4aec0773f895b808dd227328f50af2a913efda0760f0f6bc40f200f485ddc8b34dc362a0437725b8b1e856b4bdbb07e8989f669f4f5a74548b83da97639137194ae5d16470753f06735f0f5a599ea15e82eea0e52c69077a1edcf98f3bcf0f0b062f413f783b345ace5fee510262995e9cd8a80712dbf420dc5f6be7e84c3b94166e3db83f43820f7ed377baa520986829f0264e8ef1a5adbf3dfa3567c399024fa2d3e14bb43a5c6999403aaf9beb822fead114f87c5e0f27ce3bcc7bf91ef7c485025fa2fdd9744589d4856ff4f52fc3f489f3bc2398b8e0f0f40bd734666ed319a4fda40369471c96b3a4be0c66bf7720069f63be40305a33b4f3ad797ec9602e0edf381ceca217428b364f39e1145725fac11c978ea3bbc40db9a9499b3bc0b6a35ada93b15de1453d6270871caeb1e53e5596b3a44b5a2021fbc088e77e866543979c4daa81f65a9d82396c49d0d4959304ecee70bed6c44ff0fc1e0aa215458ade475b676ada667788f1f48dd774ab12bdbaefa61544d2e5fc68f22da48143a9f73246dad8dfbd89f8d8fe0ec460ee74cb2a9a831c2d4a7aa1238377e31df373c370b0e8986f31d8d4a44d6b040e78d0aa920ce6101c2d17b8307aa79eae64515bbe8af79c363c9717ce188bf625eea39bc43ee6bd7e031dec26d90ccd041946a6b02f4b2657e0392ea716df86f2624591228e379bcc35193c507c6474af23ddf0bddb114c320d72b203d266394b32196cce9671342b93c16d5046d9bbe010e53135bd0dde945f9c645eb2dbd9381caae8c5235e9bc73d9f396eca134dd80fe69461ab3565489c425ff28a5e23768e49378ded1c1d008369145e2a0e8f499fd43f856af13edcaf81b9bd8a2bed47a9959221765f95e090a639ac69c2ee07db6ef7a191d2cd8a22456fcb3e330a805623ee6a6436fbc231f17f40daff1d0a853da99fc9e0a3cf86fe8eab2b1e80095d19438a6430992b0b2ec26732b815df3ca5723ab51a0c4eafa23780c1dc5e791bbeb93ea360e7e813d03bd00f38ae4d69bcfb9d863446bc83426bd614684b07d8736b302243c9608e43770fa064b568e572310047fa8e28e90c6ecc7327cdbda62b86c7daa4cf3ba5313883111cc57a042670da92161c96f390643398dda10baca2d1a458af249dd268ed528ae6ab521cce90e0f5e826711990c9e06150457fdec966f05b5a5dbf59a9fba8aa695dc26afbe3309855b4bdf0ecfc00127c12552fc1bd2c0f6a913406afcdf3428279b06699583b5c18cc6d83e743435e85eb1acde7de68611bb0938072b5d31176bf3e667cda1ae05ddf78cd75700cd70807dd5ce1dfea08badb707f56f549746b1e3cfb52e08a86e63141f7feafcf4d9b953af42de7f7db0a82ee5ef83ff2adfefb6d7159cc59c4dff67cb8dfbbf7c104b6b17fa33488abffa22c7eaac0e7eed05df01b74df479b6c33f842c676857bbf317b1cf404a40b7ebf91ae5b90c157108e3bef70f546ab2314a7fec175d1fb917e4aef497c932b0b9b3224785d5e50aef0e77aafd5c381c18ba045f37491b5e832ac57eaa1da23715ab5d885eb7e544f4dd0160f03dc74940b9cad6092ceaa6546374a2a0df1baa17870625c660c7e8e5d27aeb5bd06b7abc05dc4ff40a983465b2f7a32b65368fb9a37f1882bede1e76186462b272610f71d80dd1dcb3945ef4b0966355c2bbb579c40e0b7d80da3f11f4d6359455fcc90e0967c7ff21ac25cd6e2e2c6005a34ff83ebafbaa144d20efa0cf2e238e23b8d6e13bb8edcdea205cc3f9861adb91c6d3017f26dc0bb61b1c27f9ee64cf0649175f859b619dc7a8009a4e1581318720c577699b8e1e84694762b98a4f36accb880f7448f364ff4208e5e6406bb4edce1f5260a0933ea2adcae83c93701766b2e662cc6bea1471234427f0c50ebb69c2591c1d476d917be83ead2724ed163b891a99c4a7c178c22436f231e7bbfadbbf8de6da02b3ffd0c07da96b19da5d1df7930ce729644065fc2ff5e0068687801f1f004180e6c708928edd77882cb617c7bbf52d18fc1e636c33c3e7718d845d780c1abc0209ea2b2579d879257293681317bd40630398a125a25bb4dec0f6f29486770bb1682049b9ae655479de8d669fd00a6a206b86681d27b1d6e94644e2dfe043f9f1895dea5ba014d94db2cb04b7455ebcf604eff7199e93dadff400719490673bfabf7756acc6476b504b789605ffc36ae9d23d30fc8681f550a06d780c1a5089b5e95d288ee2afeff02fadde7592091767b4cfea85e8baa39268e232d8791ae7d1912bc22cf9fdc80b4be013fcb874315cdc318791cfa5a24687d86690d89d3881cd9e279434d5af8c3a35aa9d10cc6b6eaa506adfcb99f14abb08e0c9bac8f43643077a3a3f45d46bb69394bb219cc11aa7b50a42ce7143d44d54906734b882ba3c36907587d5a74d451da4ec3078e3d370fc1b41579c549ee76c79dee960e872aba5a2d4ef0d08dd560e016947acb394534e236196cae196e855f9660ae6ce77419d7e870d82e9117fbc40cbe0e45851247065fd1d30b19194c237a32f8160a81e59c22b360d0780f6d3ffc5ace9f2a9dd442092a545c2fdd9221ed99b4120ce61e59c386c1717576623112c3adf7785e9fe59c222e086f0213c958b63fadf0c38907aec5e1909d79a0551cfdc2f4b1e88f43579550c2dcd2b046dc441fd37296644a3095a82a30b87ffa1ea219e03e58ac863f3306abbe046dc64dad397bbbba4c2d4eae910ce6eeefc3603be1a83223c1b306785cdd2a283831c539b6c1c2f2fc39dfde8b36cc1ca3ae169b47787fb137df9d3c8c7666cba8a2e4492d2cdaa155b6e387daf32b3e3983d5082498d69954c6d23390866fdc6e8903196cc72de7143db018ccf6fdb362f09e7ccf393297b5587b41f605eb64f00a08c512e459cdf0d82fba30c123da1623035703ab9051eb91d1dc56690b249483e69cfea2d5e5c68c6e52ab1631d82ed11e98ed31c76d7916520fc04d4bcced88caa5464d25c8dca608d5f9a8f46ed255282a6c43698b7c35a38d23834debcc1a71630009a6d5c55d7cfb1ade6532180507efccf7b6792fafd24810e9237806c4950c2d9a1693345332152b4e97f2283ceefc17133cbaf608c273a9cf5ea4772b6a1f2b98a48560304faa5988f7c382c171dd93e0b9b83ca69d2787ac40a2798c0e1505c9646007c0fd3b32197c5c0919e676429c3ae35e1e34d023b32bc068b37bc1c102735d2d570970994b4474656ced4b069bdb18d580c1fd2598d5f703a46b200673d6870587a7b46432f81abec52e13bb437d4f75e10815d3c4ed912ec3cf055cad2092a845f39fd8df65bb6beea0634ea1da0bbc991f1c73ce64f03cd59d5c0a3f149abae1a04587d04d9a8ff694dbfa2f4426bd8184af46e2788cce26642a4765cc1d78c0ec31e9dda4635ae0b7dcbf92a7ae709b435e69e9cf76b90b7171cb435a3e5c00932f424ace21336fa1afbc7fe49c34065f86166d4ecfb140644830329bee944476c12ce7143dd0eb65f5ccbef7400ca6d49a7d71ae4ee00ac96aa42324192cfbef48ff3948ab154412196cb7b92df07f0a69e629aa47e0ff00fe65afb2406e78c68d6b56388affda0a26a91efde0f988db3c4c3a37d920890c366da0c060b4eb96b32432ed160a0ba594fd6bcb39451cfcb8852af42a323593c1bda8a219e715352a4e3d9f3e9275263f90ec46bc1751b8cf0f20c11c67265870b78e4e3f3f78a31694f3e7dc5576b923bdb96940155d8f303c29bc6a38ac2e1c0e644a3099846a3c438be64c0e99c45d6b7bb5f44d4349f7c05c6eeccd7398322705384fcdea98cc3f91313cba6f643849093e072625f05dcb5912197c1292cabd370e4389cc3c37691b0ac49b78c75ec76247faa04d4d8ac155223e4497ea4b4397c060b9981c60356a394b7ac2e06a4870ff83416e8311721f8d014c6b2e4382cded9e22a23583c187c09873a8d6cf215e76fb2c67496428ad59b8e7c6417cb3093d0aeb95246e39c5dd0137aa3c72379dc171e817ac9e79ceffb038f96c38d079282adc2290dda08e8c912c4a13b5686efb4b265ace29e2aa8a4b4a543c4066773d174b6344a716423bcb534ecb44ebc8f491b663dc7a02cced0433a8295bce92c860ae10e4383cc7e4b9d6c87a25e90d34238d88f70d149086bcf431eea8e24b96236c29d2141e0e123c47712642f8c13012cbf30bab71cf53d016014b91d015f89175f8496e164ed31ece736ec3fd36fc0097bc70034e96746a98cdb837477ccc5d58cd83b378dc3a3751ab86c2c5dd69aa4473c6c0ff79259a60f7ea32de71a335ee6e73995a31be4bab0aaec9e571753480b382a488c7d35e0193a964b19070268b60578d3bd29f07ccc32eb98168180c2d9369ead4985656cfe611f3567492b6a3d6388a7707f08e8bb969e3bc137ef8df6ba02c527ac95cf638eaa05459c12491c131bc0f237f02c361b2c1a9ce49f070e852fc50183f50856b2d124e357f01200740f0bc06580b7f9b90f16f02dbf04c7b6a2e5ae370e67e68b8fb20813ca482b32cd43889e3604a33de35aba5a215d27916d5e5c1fc74fba856b53871169a2a71415eeb2075312979dd1aab6dee70034d5defbf97061765d31f37082523cdd352b8c4d35ce6791a68034ccbd00a711a719d4215db8ceb51286d1c7625ace82491c1dcce82833bbb90166acbdb11c76609f33c86d5b82ec3bb868c2e5f99e24f46f1ae040c767dccf5d69f09cd509d092faabf1224368a6bb9d200299e0725a15eccc3f575fc144f007f03f73c059c0c66b789603f703732926708efc4752fae9c43e60c14cfef3f083f47e0760cef5a205d04bb55871ce912bc639433c1ae15edaf3b11e71354a5dd1fd3fb4f3670b2c3f46742aea5423c1c2b671ffd04987f4a3215850dcf6c5b8fe3de2c74ece2b17f9b2e69ac9279aaf92e7c97630064f09b00edc71bf1ff6b9057ab715d0c371e296b059354aa14274b91263ffc160d172d7a0a9408e7331670ef27f093440c6e269edc9b076999e01a588299c2922fd7cbf29a01b99e16e03a5aebb369c4f04fd6e0f6050fdeb2c3a6b78536997efa84b1e291db0af2da17f8373baeedb86f7c668a5ccb6b459522fbbf88beff4bf4cd0bcb7b1ad9793945c96d6598a31ce5284739ca518e7294a31ce5284739ca518e72f4e9d00fff17eff857549731410918afa8a5c68b8ae7e72faad3b65bafd36896f6daaf67a9fedf5a8f92a67e7dea56971e34825ad8f06a7ea32cbfe4ef3dcfcf095aaf959816318af3675cb41e252dca0ffdfde2bce27fc7fb06ed35d732adc458a8785f922f07a08dcf874e37eab1df588f296a74848df55a99cb7a5436a821e38d82c8df5b8f295a5210f9778bb458da3649f5badf98373afda81fd28c67e64c09e35f8abfea2cb59c52e4d143c66bf9c11f5b8f92a66a7ed754b85b8f29fa737dfaaf5f51a34f7f6ba6f18ac73d596d102fe6fb2efc8536b9fda511737e395ea9152f678ccd8e53e6fcab42a5464c53ca45d1d74bfe37cb5999a13b13454aa928faa72ee1fa7fce162e75ae58e2785d86a57566a5325fccca9b9b3656bb12f12f50cdcc5da285dd2b95b058a40ebe3dd32a2d9858aba48f412f7bce3f96eba95629e662b465cfc4c66e5262720a4f7ae843cbd5b87843a9161c5eb49c9479f8e662c4192a9879c9729214fe7ae89765fc4787332dcd730b0a7f56acc445a1e64f8b7fb216744f51aac414257d08f5456dae3119f9653d3e3d22835fc6cfff19986139297f9937e34f27c3ed5f2bb352099ce078ed6781b10bc524dd27262a737e66392b535567220086890f84f8adf1df44a36785a8c4f36cc70c770c3f1d413c4523d3271616aa95a25233371e9b8f0c5a8e02325f197cf79ee5aa472eadb11e253580596b91b12906e35bcbd48858af20eefc693f919e4035a367df5886b08bf1cdbe0cae0583abe15eddc7c83ef85cf08febf5f922a44484337f565a9a3d4a9988fca04204f1feaff2dc7f6e392baf22fd339465e2950c06bfa0ce45ad380c18fcaae273ff00999299c009ba5f4c569f58394cd3aac4ff43fd0bf18367a78aa97d26b1272b73121ead5efce6dffe4f917cf433e119ed1751c59c5b2583c36a1da4217d3aad5e2d1701cd25195c0909a64d768dda7fc9a84d4bb8b426631e9883fc4b91e94b1453f297a180725ab3522bfeaf0d4a61ca6f95522c167fb3e2fd1a4837edbc2d67a5520d8bfa821a518dff0a14bcf62addfc6303ff3d3c3a2a225ab998e17872cee164ad681a6b2ff18fbf11d3f512e1fdc38a547341064f44da7ea0f87efe92e24e127fa1ba921320ed93507b59de9e1ebd8a8c1d4706a38ab39c24bd0009fb0bc52713f882e2d93d114cf8c77f1042fc4a88d96a8d7879445180ef5e51672626a1c44fd6661b2e6478c8512ffe6ae4dc1abee34c5429183c37c3a4a5123fef29283619ac46ddb590f81ad424f2e500345ff324966498ea704667a11215f55a5486a37472fe9af74bd43211d57df32a1ceedd6f3c5b2bcac7b8be558334b3c9e07b521c7efcf925c9c211d37fe91e11fa1fd24da917734614fd30a0c5c494fc2755b47344f07f1417d481c1ff205e744c1193fb98e18c47fe4dd0e681c1fe9fbfa006932f5998ac46c1e06121c11e93c119123c498b0bd7d7cd766f9cee411b330f3f568d1f2917e3e1ff4565867cf792322d4177b641334714ff0f6746db1d46c63af3d325b85aad40db67ee3919d5c3ee32848f2a83efa017452d41fb26eb5152d5a8c23f5c8c02e5b336662383eb50086328a8a579de9f363c5b8ea6c22f7c63fc675893c45188fa32b804853290174c968c28fa6e400d09f7e8d2db2e8769e25a84823339ff89de3003d23f03cc9f8c369bffcab6f5c5bca23d7cf73218ccfc78a54fdca417b42263583078bcea714fd2ebc4bfc99bfebd1f28b3bff9923e7ddb24bd1ced6c447cff19e754fa9908299cfc6ce0ef5f4126122fe6b97e3a0d0ce7bb179419607039186cfee06cfcd494675f4b69b24164964f2b15e3b4c9d3f81c782e7422a6578969f933653b194615578742e079c613e7fca91fa07b5f8a8c289cd0a034e01b537fe5c99f23cd57035a915889f6507a0091c135902c3293cf55a825629a79b42babf35a54df9ce7e63329a084845335ad4a0a75ff87456c4a9e9b2bd3381b4dc8ab561b3cc9e1df3e150567c2a8c2716422ff7f9c16163374532778090cfe016a837e6db0566c4cc07f598f4f8f5ed29cee09682b26a2144ec14f4e47c27fe8f07df8e257a6cb2af82f75f78d71f8c1717f503c410600fd409d3e611a18f99763a6df784199139c8cb0b692362e7ffacf0a2159d22368da1f149716ab31118404459405c8e410aa675faa0d9ba14f759722ae0a20029480113693fad24cf5affeaf5a8d962650a2e0679e5e2f5c5f99f38ef51acd81736c1d0a8e5d408279deffd33fa6f84df31d740114b4297d0a4f402b43cd62da524d1be1aa0914947c285f80a643625f744c97ef66829913d4f4e527e3f4d2ff30033d0fde8fd75deea960647f09f6fcc32cb5bf0df7179afa66f027253290926e3de6284739ca518e7294a31ce5284739ca518e7294a31ce5284739ca518e7294a31ce5284739ca518e72f4e5a5c94a85b4e8a0bdd1f7b457d36ca3a6abb56202de11f44398f755d2bf19ae5c4cced85f728a121b4b4bc422a55638e1c703ff5e80161b7e20a4d689a012171184e5c62f51f8e10e3f6950f15e4d372af7e81e770dc298a816b5f806afd588d30e47abce327eb3a0386d0fc942dd6578e11e847fa6c50d306d85f04f3811e74cc437bd0fa6a5fe91d7aab47c180a93f1ef2f659c14f77b27da124d50ca2c2682c1ca8cb4044d51e95e61a15a8c5762487883c444dc4f51a2c8885241d3162b882427e2f520c3bc1642b4cd420695200eeee81344e6910931c9dc1acb14a71e0caa93ccab46e63420fe989a7e707358f3b8695c4790b9552af764ae13f588bb1cdfa8a21b500e04d5f403313d9ad7082a11c9601f1044180fe261e123c8f039f8ee6ca4699634b4abc4bf55884970a7a1dd04bc9b886f99cfd5429a3249d45ab09feb255e56e68997b21813fe5ee809834d067e4f9d9a96a0c9c840bb44b2104c561682a9d562aafce10a59ca672263676ae99b6e92c15e645200a0a4c6f58560722d98592b195989b02633c8ac5a30743e183a5fcc5316e05d19ae31302e262a33181c078317223ebe6bc07521d2321fe14d54ca0d55b9c717191fce6070c8e137cad579320d6130aa1c0883593ec4e357cd824826bb104f11e29883eb6c5c6d464f95ff1fc7950680f5323f4ca9ae42c167fe99cf139126620218fcb2327b7849f0bf52d2193c5565824dfc409dfb8b5751458e5782125394c02f66aa51546d65625646152d0ddd9069a578c71ddf7c79eeb80fcc09aa41775873baabd530185b0566948b8aaff81e451d4e77543551a614fe623e326c09c255abde3406d7a0ca5b8a4c2656a080547cc5fb5a8de643b8d9ee589eebb5a508b708ef28fd910c063bd5575d61c41f547d6e1fe0d15dee1908e7d45c6e8fc3e79ead7adc33f05f3390c6a98acf3d19e0f555a47b32dc5ec577c6e359fe3fee5fd682ee1770ff12dc5e407cb4b034e14961bc3e35ed9ca9df3b654a702683a7692c9534a32d173fccd8f06baaea4ace01833d802ba38af623de28329a6d22375623c3ad57922a140fa4b45cee4f8d6a388d110b9592e4eb687f9783c10d5a209dc1c8c065601ecf435807065bce295a89f89621ded701487f5abc5f4a4a97e038189cde06cfd458ddc4502d95a33d495faf332dcf9d34dbd952e1d5d22598a6afb44d36dbd3f47541a4056aa9dc5c6d19dea1da4d63c4b2bc707215a47f35e25d622d52b3691124988bce1a5170b60cc060ee3ec75de896f1db3906674a701994acf4456033d0964dc3bb99c0cb6afa2ac1697985493f98cfc55abe0cdb613298d56f3d32ba0ed786efa42f8da9575c720f4c32a35ef3a63162655e30b9160c6e44cdb042f3a73178b923e8de8038898118cc03a9b8913917a62dd6033906f795e089b8fe7906838b347617e252e130bb14a5c205e9f3aa117477b89b6a4cc4112eaea56f9bdb8078178079f686a62b51e52e5151b56ae562a5c6659e71791017253193c16bd4707233c26c84ffc68cb5b78dbacfbd15e108ee216939a788075d73abc50d50a456eabeb478ebf20a6f2ed52bc472149c6588fb75a47fa15a2616206df3f15c8b7fa9c53d15b438ae7114b208dcc379c5ffc18a42d20ce82185e85dcc81ffe9083f1d7e27232ed674ec658c437e98e09aadc1d75cfd5ea8af044f46e232195c881f9c0df74264a81b99ce7ea417cf25609ec95c2849b872b59e154412194c858747cbf04c267bf3ced588c73e0b824cde80eb122d5dd21af34a9364e01614a275194ad61628373bf03d829ba05ace29e29e925b11a73c183283c10bf562631598c734bc017fc40a6019fc122c8cd40b58e370c75deed85e8efb90b5d4d526971a769bfd7be64d1cb0bb53d4554c6d9af9390eefa89059c19e0e6532f8850c06bb91218548b84765dfb112dd9e4ac95cf6614360400d7e947dd2ea8c85d15084c62e41582a3c3c8f690deed7a1d4afc375034afd6694fa8d08bf09d2b4584b67c4a6bc5092db14ef404db1212373c9609ec4760071ee1ba08ade8374edc27b9edfbb4e4f6f83ebb5b9c61b6a3dd2508602570646a3d0214d2b90a695b82e66b58eff34979ac6d1bc90d1e52296c960a421806fb34b3517ff3e077e6600ec528e476f6232dcc964f689d1ad1a0e0c2e9709a22295c9e0a9faab6db3b5e2c41c284245237c174ae187a34f95a80a4bf2fd1782c844afee4c78464d4bcb4c523ddecdd3bd89855cfee9f0259640a288e57a48621918bb520f265e1f33abc10a22e94d3598e4a926fbc0882d196df04e54d147c00c6220061f44e6b200ec41fa36e09b96b3a42523a6352f717891866062116a0da66911d2c8e5a9441d40c5ac06d7650e54ddf8cf5a303aa2783e0cca2e1eba56e8fa142bc5dbc388df0b06bae067aaee691faf3a137f85a666a2ea699f88666c12de73d5e1546b81fa5323327812aa61562f1c967b09fd44eb553f625787dd9e4a249c5bd60fb448ecd3a0bd6a719287613421a376667493f680c1dc789c3838c0ea3d9eca669e9a5a25366754d11f87ea1c3e83a7c191c9ec93d7a130f19fd923e02859090a1147e4fcc83b2b488aa6a1e699047f149cc9c385c11c8f9e85eaf66535bd9bd497c8e01af8e38fce43067e560c3e98579c6cc7370ea3fadea39beb886dda0f2d9a67181147d5fe4a1619cc737d7978d596df81c10b74afc1be36996cb7cdfc67b6cb6432fbf8dc133a88aade0a92a25970e3be1d135008a07c3d5d0673e1f6642488c37073a095beea48afa2fb92b98abe46b64d0bf1d30dcf7d360c3e94e74df29c44ee10bf3783c1071d61370f65e669283c85cc724e11b7e867d816fccf8e8c36f8e310fadb06fbdb3ca26e0dfe99a36a1c0a9d6781c3ac31e401154d2b488a38f8331bc2228735a19059ce4f87c860768366a1341629f56272c601d01cbfad568346bd1234e25ad0988f6a73117e90fb61ac56ca8c354a89d1a8468c95198a0869bb163276ab21e3cd0c269176eb3ea319ef8e2921a3450d4b1c554b8c662d6c9c02634f40d9390125ec604637e908187c1a994d9c80a26639a7a81dffc1b322886d7afa6cd2a13ccf4f9ba1951f459a89267c7f3faefb9552633bd2b15335afabb588b116cca3864fed7f21d26a45212996ef7d8d471e5092e3d005fcc81717740527d2ee429c1cc7e6ec14152f0e7d5ac19e0e91c1739148aafa9c5999aca557d131f4e53822454d99d514c77939bc68777d787e81ecf2648c647137f58360c261a0099991b9537b931e8114521263f2e00e1e8ac103a889338833816f9c862434e925e90cd6c3ee04e2e4b982e7204596738ada11d76914426ee1bf130a95e52ce9683edb761e0f5b269af15f47e0976882db1e5c7741a9db8e6fbe096cc037089ee2bd36a3f0ce8754d6290d7294ae122093b99b900fdfe4564b9cac28c43f70ec600694322bd8d32132d8891f7422617e2468b2963e165d0e06d420e11c95e2618bdc926815fc7280621ddef1f4910d70df9831d0b11ddd249ed9c0cce3611ddc4adf7a25e908fcf36c409e7e720a19ce7bf3889b2ad1817b22818c064333181c7477e07b3c5c83875a59ce29ea405c3ccfb803ccdf93c160d412c92e3443c7f18e47e6f0b0498247e61ec1551e5b87efef069ef4a76bc1e0a20c0607dd0bf04f8be09f076051d3e6313ae6dc36bb9431080b995cf7f419cc69bdb94c141244ccce90e04a488379c44e956880d42d451766a91a4bae50e3c9658af7830da82637431a36a25ab582a4e820fc1ec82b49eec80fa70d71924ea2bfd8867829a91d636b3f68cd8b265bf28212d71c0bc525bc3b0b096acea8de8fe57bbe7d32cf9f3c951748b638d28faa23ed1ce9471c3e19cffe824093e52c69afc3fda303f9c1e421f4b38903165055e35a9adc87b4ee44b8bd1c6841da37a9fee4a6bc70b2d151f4532b0a49759a6f663d0a4b2dc255e27d4c8d264bd4d26410f7c5085f8c388bf0ce897c9af6ccdc9956b0a74364b00b259073a19c9077e9e9f397d54a582a546c73cb913996b3a4462592d88c52cc6a6da7d67f87b96c944081e842bc94d47da38269927606197c15858647e51ccfe826e5e86392b4bc801472d2bb8452aca53378be12b2142a4870c67e575b95706207db3ab45dbbb4c8c76270bbce36b452f018da4c067780c13caa8e2796b5a2bb6239e7e89310191c849240ab0b0e41fa3224789112142bd166f13ce1868cb3ff7680c1bbd116ed85a4415bfe580cee80867c91d5300ac8be82f4b6f2a4c397e441943da81d5a7573c3b41c7d42e2c47c00d5218dde6290d24c062f554ae45832fb84f31ce9a79591c13ce5ac0912bc3f43c92235a39d3a81b6a9096d92e594a22ba8fa5905f34ce1337af883cefc68b233af2cd901ffe751e5f3383b9e1e7eda91ae459f7c2638b30b6d1d710ef19b884a74a2ddeb504b641c12f043b4a35d3c9951fb90f6398a9354bc8ee1fd212d98d6566ed73d3f3da0a03d467c1bf29c7f6b394b7a036df02a7c6f05dae9c56a20b910d70588679ee235db65dcc771f5031ec5dcd7eba911194cb39a38185c4e06678c642d577908a3d527ccb0e8d803061f04e30f431a9bd4f4c98613cfc4c69e83749fc3fb3668953ca4ca7a25e91614289e064ed847adf73da19bc7c55e875b9b23bd1fdca605dd3c8696b88634f154d2eb9074e226345ec23ec59447b79b47b8574269eb3f207116e1bb908e4e14b60e2d7d5260af566c9c42380e98eccce8266d54a3ee8d08cb2ea239f75c0321a815afc32f47bb68e1c9b1fa08dc7c4f5b8b364d6bca4405125783840633dae0f54a407683788cdd5a359dc1fb9550a219eec721718732aa6832988751f21cc14ec49bd94da2e45ec577af21e3af590cba01bf3c809247b2cb53bbd57a713663b2a143f3a518cc53bf895bb240c4e5d5bc27b34d869bccafc5b7fa9f21c8c2c7b30d7952f959ad32edbf3944caf1701e85b7d5919e862d60f00ea49573d6cc1b5a9fb00933873569305823c70dc8645a815ac19e0e91c19cb0e7a80c4767c26a3a83b7287efc084f1a8d8bed4a7a55db0406b384b742428f0da04577a2fa3aa70492c732769b25358d9a95bc84eaaf1755e81554e19750cd5d86df5e5c09de5f61758daad20a22a965b4fb3b7dfdd861eceb6da4d17edf8b6e0fe3bd84aaf206de5b51a4a82ddf9dec92690ca24af7a555d14bbe36eb577b558f412c1f35fd5796b3a46d3a19cc731b39d01317f346078c1abdc868d09db8fa0d1ee84906f3ecc770964d567f2fc40903eefeca0efbe20118bc0d5af4161480ed90b437d5f4768c0c6ec54f1247b574939d2f3291c1bb90573bf0df6f42ffb09c53c4a15cce405160e2eae063fbbf17a20473f757b61d4b90a0684615bd17551b99cba1bc6d79e95af43135963881b01ce06fd1d3872abfc8b44789ba694d426c1d84c18b905f9c9879ea0ce60c1167475e0793562151d182f42a6537fac86c7f776b756265c649d73b1c3312a7d0be71e8eff0e8fe3ffa45a53d5ad87d0412ba1ff9b56380b69d562cb40ea943cd18b7b63b7eaa641e17eb97b09cd2481ec79ab19baa4d3c2ad63cd2b5fffb336a20d1ae0613eda3fa4fdbb514cc4e9cd3c389f37a148824bae0af4b0b262ee0feb206c0bdad209a3832aaf0b41544d2fe6f157fffbc164a5c84bf1b5a34711d7e09dedf90573e872518cf79c47b4171e1beffdcf09951ae44bb8eef221de7e0bf0df1b6e39ed733087b0c6920b68c999d96063298cae54130f0006ab08d5a69fb06a47d0dc2adc23dbb95b4f5e2f06ecdd356b23e2bea82167d1925995d9eebf8e1cc6ed223f4bdef2213883b787f0ffe6c3c809b8998b8aca70f559e85166dbf7f0b7e89c790265e1fa61093b805ed96daf57dbcbf374055cab4b10bc52e15bb6b3c1e9e47c99f83dfb378e671f43cdfbf3563baf020184c83024e501cc07776c21f6dc03839615b8bbe01774eccd47f6119acc4c63ee9cf9689ae0c06bfdd87c1f7c188bbc810e21e32f821328c780c3f5733c6a2cfa21ffc1019483cb240669ad72760e1b0197d0fdfb88db8ac2852740deed7e0f7061823198c74f6202d048749bbe1cebe726bc6fa2832f838dcc9e42684db83fbedb8a756bd1171f0e4175a6eae0483e73fed7ef06745bd603025e3367e9e5294c9e0772583cbc0dc2af1eef30de2ae5a2caeab251277d488c475cd27ce8c2dfab51544d295d1e16fdf469f9bb8a74506c45d35287155f302ac11cac57dadff4087d957ae10bd6a58f438cac0e430502a7ad12330273baaa5149fd2d2c7c3b78f99ed3aa59488c34a100cf6892684df8be75dc026dcaf47a15a87786909322c186c1e4783aa05fdd98db86e45c6efc6753faaac430027c579ee7d0b7efa14aaaf93502c38e9de45c65938619d7760d3130673a4a9bf04ff08997007eef7c0e08b05e17eede3a7416dbac77d4dad94d53e0b8ce59ca25b6080395802c9cdb09d6ad1fcc605a49d389d21c143d17ae40d47fed6a1802c7ada5a348f9a59856a91d61964ee66fc2c3bf17b91b8c3786e863b150a8eea9c4669e6fc2d27cd3bf1be071a34d1a1568bd30ef3281d9bc8e09bc8dcdbf0771d716432f8c788fb1e0a0f71d111fd4c18dcadbbdcf7f0fd8748f3dd01186c4bf075145c54d5698c38a5f98ccb08c7aaba0df796f347a24d92c155528ae73f6d2d9a2b106894ce766323b05ba987fa5f83aa075d1f481987ea5a584d2133ce00b494e802532fc09fcd60ceed9e72a4db4751c9328711ab24933319fc13d416767b79d111f9cc187c07e925831f0e30d26633f8360af5353d7da8b25d2b312e316d688f3fae046f85c07018930c5ef4b419cc13c35623418d48d0362468659e3bbe4673ba1b818d48dc1609a77b1b326ba7ee74ef77b8dcfb717f10ee4780665483ad70df3326ddd487127c0b127c170cbe86f83319fc3edaba87f81e71d911fa8c18ec0183c15c14dc875a7f03bddb60207584bb787fb6c0dfde3a06ff33c6e96e7e7eb6bb55f34bc58b0c3eaef93f3cc277fc5ff9df1ef741c4bda7c0e3dee9f0b9b73982ee2db8363a3cee4da3fca1adf8b72d283c94e2254f5b8b268337e2e7d966d016695906233e29f542824d06a30a84b40ecc6068c1c8c0cb8ef409ff4f8bbaf5a0fb2e6a276ad8f707e826999a3b357832b91a3a01bb6cd419886a39bb25a518fee87606719d467a4fe27a1c3803771af1d1829335dd61dc1fc03dc7eddf847f93c1c340823781015cacb51368fc14196c67d81dc4dfdb8fc161647c99ccfccf8ac16721516fa1f6780b697898b1c504e9369a16f6c19fa042825d277bca914ceec5f502d26a4e2fa24dc63501e590867f27f09e63f1cdb8d2e09efde23df0cb6e13759a45fae047f6fd5e484a3012c2e1483298a77a5aaf7e27eacbe0fb0354d1ef4182cd818a6a71638051a64f837a90b90fb45ad41451f1600025ebb1c66e5a997ccfc2c61ae53eaef7a46497893b5a85b881f7979490b8aa72fe1a05157e7a20bd17f04f9da8f94ee23f68f64b43fc16807de37d888f8be776c2ef2ac753de84a5110cde826a87a3303415dd8d9fde879f39881f3c824ce15c6f0b4afa49e0b416453515159dc05948e545fcfc65e082ee11a70bcc730e6d2283593db29d6386f5afa22392b98f508dddd03e9b6e528e40ac9239a74906b37b7400578eb172a486eb7f4ec38d25b403f79d604a0fde7503b4a7a212721dd76b280cdd197b74480946219040891e488b26834d09fe6cb4e81c81a85435a22ada4426a3da91eb6e2d096e0163b8f2e02460b63b601418c3f15a82663066b585be31a4d88a5212197c434715876a8c831d5dcfa56fe1f08e5e836a93fde0b8b89a93e0cf96566a9ec43a359068544389cd6a38b1590b25b622d3776b4189263d9468c2f508daca637a20d18c6b8b1e4c9c84db29a0458f245a9eed3f6374d9114d5ce64c4dc60a03d2a9679d6d57e5cc5138d1fcb5e2b4f5c19f26753de31cdb3bc84c987c8702ceabe594465d68be5290fe9edc9fc09568e295cf00ef89edd6f5d352587334087514cc76bf8bdae39152231ea3e6b19c53741f350815abb781ee8c23e6cfea5ee306c29a334d952948535f0b1cd5e35a2a7693a8491fc33387750fc26d3f9a9e5db82ed79eb292f545260e743c4246bf0d3c1888c14aad54004ded397da8b25d731be63026cd77d95daa105750202ee2996ba2baa11c76c09d6babd884d12ead197ee4c274800ca64eb3ea8b3a5d381c880c7e4bad11ef22b3d91fb69c53741f4c9173d0e809dc51d319dce508a63198e0fcf60530939698443b9040dc1cc63515d22a7154a5149709aea8e4c0d1b06070a36346729f124eee544b934d6a49f2901a4d1e5563c9c3786e55cb92a770dfaed0283d9c3c0bb7ce3caf44575e49f26c5e485e896edc1357707f15d7eb793e891b79fe64f7739e34abc55e87e7a7b7d5e2e46dd597ec78be30cd72f2d3223298f3caef20b31f0fc0e087e812722af1ee000cfe5d682f7a1bdc23640f19fcb4679348dbb45239c8c119242ef93c8452cbea867de013d0a4db91601a881317d1b1ef466671f8ce9c302f9313e61cd3bd05ff37d15fa62505c1c976b66ff7d56a7127635bdd876ac4781fe1899b19ab173e2de24007c7badfc137de02132de714b1da9673c59f3283f7233e6e2223257838cc07ef50c350082a91286bee173f7e028ce3bc2f175a736ab05b564b5c21508e6e5105da245659515985b12ae378ee1dfcd01d3095e634941c329d6d209faf650cd9bdad848d7710070bc0cd0cb39c4f8bbaf14d8e750fc660b6bd64f043fc23faea9f1a230e22ff0ee09b94e2554f7b2c9ab45d0d4a061f4082366a9e0ff63b42c9c379d16413ae2d79b164ab239a3c9e1f4cb602671cc16407700e385de0fbf9651d920ce58393fabd8e38dc4b923d8e40f2d2c860f291c6213f4e09560dc2e04af11ededfcb58e4fd6951af238836b80285a862402d9a7df0df95c15cb161a311ddadada3e77c9bed30078c58230e0b066f530356155d26b63ad2f7b5c846ec4372b8920cbe818cb29c53f41055364d72c8e09b7afa66247d197c53ebbf87c7a7413d68166c060f24c1d918dca9068c2b784fb07b7405cd0c0776d83c9d054e838967f06f27713d816b0bde73fb8816fc8fb4b6c4fd3efcf79ae1a0645182c9e07d48f88e01062506233298866a661bdc9fc16f416accbe667f06df53c306fba8ef20ec2dc76723c1dd0e9ffbae56f389187c5a771977947afc579d9c32bca4d2c8a14e9c57eba18bd0b2a55a24e07612d70e3cb7e1ca615d4e3a507f398cfbbdb81f360c6615bd0f0ad2d68f3175c7e1c85e640edbe03b0330f81132d59cd42783d395ac5b60b0dd06bff57cf967c2e00e87c7fd00dda44fc2e02eadc4e84158422e650563c9e80b28b017c15832b9034c3d83f7dc5784831edc3c86e042806300dbe135194b819e0a6d54fd5008a864558a5d6ac907fbf382c97dc00135906c5643c9636a3079320fdda851e98bc8c8e0cb72acd9d4a27b9550f232177de17a055d2a4ea6d35c868a562683ef6851e33d64c2bbf0c3ccbf8baed8edbc32895b68ff89dbe86a65e2a656fa232b0a491747877f741d69ed1fb62cd9a3057fc129493605038f64c5a1230cde06f72a7e14e02743933443b28dfcb9104002f7dc41880b003834f904ceb1cb002baaa74b8daa170ce66475a5388a2b570c1227ac12d90eb063df96b15512197c11526f33f82a4af63d5cefa3ad2228b98f11cf40124c06bf0bf777e0ef7d0b64765fbc8f82d117ef416bbf8b02644521a9c7e14fbe836edcfb196109c66d62602dfad350b23e17b459f1891d600cb73cda8b927e1c19c9e1b7e3542470df89fbf3c0493563ce5761155d2e952cc23664bfa6e1196006524aae6ad5b8a667e015548154801ec9761a5d2b805d9abeb019f4b685f7d09d7b5749dfb1e712347bb6f51cc8e81bd68e5b02697a7b00063f8096cfae1d6b983b19eb83bf50b4150ca68909bb49fb945271442d355ad5a871a080bbd05181605f3826dad1565b4152d4e988186c4fef68a5c64da5c4b8a1048d8b5ac8b884e73b4ac8a032d58d6ed0654789cb0a22a9734ce4d78fa149f7c5db4a690a7c7e07571bd4badf475c6fe585d246bd6e8ff4fff47d7ceb6db564c0b81e210def2851e301d2690549d17dcd67dc57bcc64335645c565e4b4bdf178ab680713412dbafd689ada3d2cd67f6e71725db21051da806db32b669f822d369cd85824b83f94ad1e948379b3d05e5ad5daf4297a9465ab858ce293a8efc6ad2ea501bd6885519fdffa7429b958064f04e48f0d68c3d969bf2fd603077968b8b737a7fbba62f2a75ea5e83a374c4f98ccdd8ba95b0fb04ba5f9d68d24e0e60eb7514351e7b255c90362c261b362a41698fb513d5f486827406efcb0f25b98f2457d99dfd1231b85df718b427e37c7026833ba090b5aa66ffb75549375522718f4eea34c38cc115287531b1f7f9e8ff67b31e4c6cd403899db4e01819fda00d5515e73ecfeafd159553ba27d152104834170cb006f8f9c204aab3443bfad627be5afc7dcb591232f034d7055fd4a369382fd70cc3dd11956b8579b5d1fe6c30d13cb6306d7bc2cefca226fa3f6ff94f85e91b276aa5730ef7192b488a5a9e2d4e9c41816ec5fbccf4b5a53138632318c96054dda8f14ea13ab69c53d484e68c0c669e2e1f0e4395e67e93e61248f6850fa3641ec33d4764b8e88cf6585c65d75190bebb2bfb85341f35b730ea7f40c61d8dc39451b9fe28732cfa16141f4ee371aed60627e64d402b4635c791aebea0467d3d3f7d3395aebce2e45b70e7bbc76008c3f78d93e077d815b282a4881afe03fc979c28d1d2b57c3298ab22396396c9e053f0cb818db3e83a9e1c403b676f641bd2b3157e960f0709e6aeb164f06e5c39864a93135a26b4e04a067327584af01947faeeaeec079f43185a3b70b8d2724ed10db453e81ea16fccd9a48ce94268b74f189a09746b008e7411ef226e8e78b11f8c2e511a832fe67b930f2031ef80813683334126b310584152c469428e95139943a967fa30b82b639fac563d6aed788b2a7a00258be309db90562e5f19160c5ea9f8ffefcd6a085534d7b94620c151b99bfa09dc73ca9090cb4647a7ff4cd373ceb1acc6b8a6f6c6008bbbae6b1c0489a0af19171cf8b79c25f5ea3e23d54fb5402610f6b3dd0fb69f7f8cfbce91e9bbeddd828ef018350425fc92e2c1f589ff07e87fdf43f33298045f4593436b8eb7f17f67ff597d5afa28c15c15494b8ece8cf5c194e08b2cf02878cd03c4cb4906aed2e446ad4f7d6dd2e79daee4792d06578b6e47fabc728fc3e7be8fb69223590331381bd90ca6ed77e6666c6430b73ba6bd38e7ce2de714d90c5e8fefe618fc3bd2f5bc408ac17732b6ffef7644a545c76364f8407b7464a304da5dae51e2444367c6f2d16654e7eda829c8e02303c4bb5b56cf1539067f1a449b2f4e2890c1573324addb1196ab0bf99ec3a196f347a236748dc85c1adab565b4c16430f59253c0400cde86a68e3acdb0585d48aafc6af1acf9bacbcdd2b646f3b9793ee0465c79cad836808751ed411bbacad1ffc89d9dcf7bdca778d40dde37a34a6cc53d374a39abfa0017ee3dee3684277a101797741e19d3bf541ffc8ecbdd0bbf9cc33df42d7fda99bb57c7bce66a2bf0b93bc640b9f9eaac34e33d2a5954c238337559f37f786a0cbeebf0981819da6e2e70ab1c50829bc7b89076a40fdf3cf0adc23fb29c259dd14bc06073439616a5f8c36d48f341f8e3bae8fd0eff769acdd2929247ff584152b41d7a07372b5d0f3f4f7d0138899b69727798354a2d4a5dbdd880766b0b3af2dc0b9af6bd87f0cc93c65af47445eac473feb11ccde1b643b474e8861f69fd00d06e8b2be86f23ceab70271e2875126fe19d15458a681ff5107eef234c2fb454cb59d215cd67dc43f8bfc6bb4b6afa666c92c178f70e18fc08f1726b88bbb827388b652a6ea669ac15244557f17fb4d4b80634a3bf6e394b3aa50524836926cbb558ddc89753f07f1a8a5b1be2e6c11eec61340f50336c83d2c93d4f86c5160ea4a54824979072eb9f8dc8089e34b20d99639e2056034dd13cc0e278c64007fbc16c8b68087e11fe2e5adb3ab0db447061da4d6622c25f457cd7c1082e0a7f3cc0e80fed936d69ebcde893de2a0819b751d552a3bee248df4eb133df9fa4d5085729be8f4c67778a335ab430a1b11f97af72a13777efb182a4e8ba66b6b12c944d19a64aa75597410b8e6e890ac09ce0a725c7311488e388f3b05a2b9a706f0549d136a4a311fe1be177fe70309b5d0806af4182778039bbf47990e24af1a6c5e0435a9db4b4e419459d7f987ed2985caba346e4328e1ef83baf8101f0d7ab81a928e9d7805e643e77bab90e46dbe6b58ff12d2b8a14dd536b248339d5d79bd127bd862e1519c535bcf794927e0c663f9b0c7e0fe92593b9730f4d7509de73a0e5d6001b96dfd26b65fab84747cbf3e943b43d8e32e3825a27881ea4973bd32790be76f86fc6ffd16ae338faf907e16e0549d19b50b278f0e5aae1c2e04560c02afce41bc88ca5baa7dd7296b449294ada235bac96788ed131add438ae058d235ae9873457a1040f74c4cdc7a13b603047941e8029990cbe0e8d960c6657e79e5a9ac6e08e3e0cbe9271c6d2a74964701bbe7106dfda393af09ae53c207103f5375033ac84fffae150452f40a95c8ecc5b8e4c5e99b1dafecdfc60b209cc3d8252cc6d0a38ba656ea914c50f738fac72094ab115e413d13dd400e6a852b5e881f66b394bbae908a6187c5f294b6f834796a18ae6a43d6b8d742dfad3a42efcff49a4817b72ec1fa2ebb30efede607e0e17062f4615cdb3f956a1dae191af96b3a437f37d490e5f728311eecd48696ec30f702685c6001cb2e3a0fb053c5b413e11b1bda67505479efa2b595e83db31d1eae35e5efa50e5d5fc7092fb6ab0bdbdf2191ec1438b169a2fb170ef1c8269ab919e9560304f3eaf192e55f44299a06ab17084eb0237479378c639768deafdb93c780368d5abc42687337920df9d6cca2b4a1efc56f817ed60b2b9395affb53f1f87386bc3fdb4d81ef6a09b65394bbaa27ae452ce0760fe6d353a288333372efd3489fb7190b91ca3df99e70e59ce039279ea794c9e14f7d4f78b262dd66ae5d1753c9390670fac4549e5b64a3cb66e3beeb99b2a87df76a9e9bbbaf35c061a7c734487bbce7442c132db638e0bb3cb54060dda9c72931a35dc4cadb67f7bcd2e09197c17716432b8170ca604531bbed38fc1d1248deeefa1f6b9ac651ce0813e390b86692bc66535dc98ed8915280fece070642fbedbada7af4d3aaa171bed480b67d2a858b1d6a2513b570e1ec1f3417c8f336f3bf16c0549d172c4b7047137e09bc384c175a20689e7597ccb91e855008fd121933922c3f3f477e3ba33a3ab4153d2c3907eae91b5679c68f9c136d9ec5af07c4132db1c11e2958cbe320083d9552183b9a7c7b58cc5d897c0606ae134e2cb64f0e5bc509256172c34b405b39c257170c5def19685cc3ed5858589609acc25a195e26cc6a92b47348f618e56997b9510d441d84c35015c96c26dfdb72afd8d209682b13c9ca31eef8705836b559e8d5b2e13b4145da5d5b8ae412237a1946ec23dbb4c9cdbdcaa38fbfd4c0ffabeb4e8b72dfb79659b7c16e06926e7d08f3c8b9fa5c13847852ee29e5aaf153c451cbce7666337a00bf468e94ad605b4c164c46df4d16f2bf13406b73b829060b6df950897b1f530b47186a3945e551ac43547bdec8fcbed82911e8633d7fb720facf476ffb0e633ccd5fbb6413bbb8be6e9e247f15f5b71e56a902d0398ecf09ce106c459033fc382c1c3812ea3aa2783b9f3eb5954ad96b3a40bd08e7b21c137909934aab79c259de2fa638bc117c114cb5912ab68329352dca3f4b708a54df779145016c08e8ce5a30720c16c73895d8ef478d78ef0beb61d0591664edc59d6724e110f38a943c1a9c275586ce93f1c8843866c2fc92c1e7e65394b3aaf5282b91639822a35ddf0fd649e37c98979b6efe73316b1b5a28ae66e4092c1b85ace29e2f213eeeccedd833219bc1785c5de7b634fc66cd24634211ce9db0c496e44e1b09c535487773c5bb802b561f08bba21f8c7a58b68cbed763293c150ba2c0673d3eefe0ce65a650e879e53d3073a4c069b73bae7d4fec3a3e696fd6592c1a7fa1d8c153078ae3017c3ef575c69f13682c1e6a15860307406cb3945b56aade0b9cbc3e2e4b3e14217b52a396cc861c18e8c912c6ab437d09e5152afabe92b1bcee4fb93d4d4a5e5c5b3f17406a38ae682f51ee0acd67f20a603dfe448dc69302a93c13bd1eef31069b6bb9b324e405d8282c353cf790cfcca0166932ac1d828fe2388b87dc3a10df6218342000fa764d5428d7a1e12bf1858811f5c01370e9c6f46a2893781edf0c3fd18f740f2cc7da5b94fa3b93127ab366ed2c9ee13c1e52f09f8a1f2750edf3833507589787a90a117f19eeb70af23d32fe39e5d182e2e37dbd232713563a8b24bf5277b28d9889305844a1467b2081e5fcb5d71381bc47e3abb3de794b0d4f43b65bacc349e8002d5aca6172a3298833a3c3ac7d49a79f006f7f4342763ccd12ae4cd00125c81f84af1cf0184710d0b0623912124a81499120578b822356a6a83e6794a3c5e969a35958a4aa95d6f05b6c36d374a2bb77e90eb61a108ed07a30ee2ca926fe338aaac66b81fd74ac5090ded9dd27fe7d713703b8bb8886ee09cbc96495c02732583b5883899ef4e637073be2b7901e9a73f5a78522bee1b0f372fe7f49e09b35f7b1afe5ba09173253e67865af18f473218bc4d7319d498d9ffdf89386802bb0d57fefb067c83cc5d85e7a560b615244531b887e1df335c18ec064358dac2287931689595e852d428f3c0e406b1005732999df7d5b85f871fe4a99b5c09f1267e82f6bf7bf0434d08c78cd887eb01c4676ee652250ec2df31b87193b013a8125b2065ec375b9f4e5142e59644e66c0de7984d985568ea19d5e151257d096b4b5ee8ef9ef833c13808eee74ca69e04e34fa1809c0233b9aff371f8216399a666a4559e30ea486f2b37295e836bb5d8152273f9affc67fe3bf3e00de4cd1bb8be3e403f380a779ec5ec869fd9c3a59be47cc639564231affe67fc123c198d07673db99a439836b806d684b92ed65c2b6b6ee72761ddcb6dfee08f687c664abf75b38dcf996b70ed6d01d3c1c3b7ccb096f734b2dfa7fcf789c7fc6e06f08f5ccf6ba691e91938de27ff66ff2b0f0f33efed3cf10ff02f4eb8310fa70096538e7294a31ce5284739ca518e7294a31ce5284739ca518e7e679aa0bdf6eb096ab1315109193f5002bf1da7faff53d1bf28fbdfacd7299a3e6a7a60961a30a6a8451b2d2749012df60b8f566204b4a011d64286d75174d37aa5441d337e5d9f61655133c2f56a6d9f5580f59ad7d8a055fcc27a1c90363a42c6f2afcc895a8f9296ffd3e0af373a62a978568f28f977eb1c11a3faab73ffd8724ad16247d8282f78720ef10287df355ff51bf151b3dfb69c52e41d15f87585164b3bb398e47dd6fb77c56aff4d53a76a3e63ba5afa5facc714bd82fc7c590f7c261b9d7f2c9aac9489096a58bca07b12dfd7e7fea77fa384c538a5424cc80ffcd8f2226992e2fa70a656255e1b5bf55bcb495240ab10e1672bc4ec7f395dc4fea44454690d22f475cf7fe7bb2ac5632cc8188cafc077e6ab7582569b7ca63df6fa016697fa12cf755aa6a64f32ac7c3e6c70e2c37a5456a110ac552b44c33f33bf6dd3d2af477a97e1ff2afb1cd35ea9f9dc8b95985859509bf6dd86efc4c656e3df2b94fe366321b55cb894889859e09c6739499a0cb7c919f3d07ff68c73ec44c4f3725e7a9a9f0a4d5663625c86b1da5faa9effca048e7b66ee34cb093f12163f69ff3fc51c25ddfe39a8d588d9aa47fce33ffe5288df7e20426a48cc5266483f158ad768c8188c8fabc1c422308ce3b87c5eac948ab503cca9f6a5b58863455e715a6635e81e63631f062f43615a8378dfc8d86960adc39c1ca8ef63141f573dee05085b8bc257362a546d392bb1af457e15c17f4733fe719236f34cfcf95a31592f16feb1d569057c02d23fd951d18fc19310c7b8e1c0e0496a19189cbe9def0baaf3d5896aadf86edeb4ffc4e73f57e69c99a804c4fffce003310d25ff257d72aaea714382e78001ffdf7ffb9fc55ad75a118594178e289452145102464d86cd12aaf2440318e1b706e26b117699dadf08af2fad441ccb95f45585750e8fb10af1588fca12a5d898af84c49a676bc5e26fbf2677d459f6ddca4b0b1d11b1dc1107338b53ff18850473de3bac073ea828786272e3574a44e5d8fa0f4a332438f24f178969cfcf16fffedabf1573d46ae1f91795dfb65e49064f5023e225b538f992e24ebe8ceb5fa89e9f8f57ea20c1e9335f4f85a6a07a9c90c1e07f9d5ff8871390f1dfcb9bfe777c1e879f78f97997f8f07ffe034a71a998814c931e41b3b4989809bf9e67ab85175231592d4a31df837639a4a62ffa72e9c14405aa65ceb6f0b91299b374882a7a096a8f860c09ae2ff0198bb5278ca8455b5f393a6cd48e725f5a56604ae08ad175a23cbfe8705d81dfa8eac3e0b016745722adfe6ff9ff4905a49b6ebe67fdff25f62f91ae51de84df72234d7966ca58179effdde57f2fc47ffdad781985e8870ed75f5baf959791b62968725e5083c997f34a922fe1fa83bcc29f4f442119160c9e08e64ccc60f0f7be32fd6fc62103beaf4eddfa8311b3274c80a44c51eac564247a8af2ba98a9cd1793a12cd1ef1cbd5c4c869235edab9e3f7651baf35e4efd54d108ef2f3d7afadc6fd051d82e33d7aaa22b513dd76714824c5a014646b599bfb41e25451d2e635e9feab8520f1a15d6d1006f3cbb42c41cc5d7ea1d0df27d95ee35427d181c0483cb2cdd20e6087e58a4cefd79504315fcd5b9d37caa2f518c6a5a7a044d18e1fcef33945a3101857212feff07c88b717df40a32fc1525ddeaf2cf502826a08a1e166df004b5444c74f88c3f83d2f3037dfa9c717985ff7186562f5e74cc953f31498ffdc77160c2cb7fe0fbe7af8029e375e73f2183278c71c90c9f8a2a7e826afee00bdab45fceee536d7a9f0bde08807913d5e9ff81cfd3f3a7ff61a0c0274ab427d5763924a0ca11159414bbdacea452b47dd52888be314552c1091414cdab445bff9a5294d25ecbc1c4a8b59fd56bca9c9f958309a5639d97f81cd35d86472d4c31c1a379dcb4b8e0fdac1145dff582b9c5cf9afb70ced64209679f2a7a269a8f17d5691fbe82fce1ffff7054303109d5efb8af1649fde407aa5ffca59a6eb345bfe350205ecaa8759e0acdd4e6a174d6413a6bc54494baf16a40fc45deb49f59afd1c65488f1ba37f5c3a497759798058d95f7e321b513a14cc917a062bd5ab846fa529aec8c028ff0b0bd430d10561ac4bc6fae10d3fe6066a9f55af1218322a8026bf0ed125c436a655a669166e4fdd59fbefe7554b7f8562de2a882dfb23ecd04c9a716191e285ad6a352ee78b248ad10ef66f461b05377b94b518b588fe821cc12d13f8e7e97f7739e0d266659ef5ef98369d5b391a63f774c4adb256f1af49389238b650167153daecf776d6215fd6f94c94f9fc1bf2ffab4ac1becb63b4739ca518e7294a31ce5284739ca518e7294a31ce5284739ca518e7294a31ce5284739ca518e7294a31ce5284739ca518e7294a31ce5284739ca518e3e0d9aa8040e4d544289894a188826c6abf1c42b5a38f1a7da84b6ef69e3d2ce02ec4b2f28ceefbfa01426885711ae2f188f8dcc77c464258e6b5882f793a55b38f1b23223f197cad4b463da33699ae66f9ea3461336660233d4706236300771b8f05c0c7800af050ffe89f04ac4123e352211544cf810d6760bc17f18e92122b8b761bbc9f75a28e15102c4692b590392572bfca362bdb82d8af8d311cd402c11e1f7ac6f647e5f7e1328d68a135395bf4a380b6635589f1890666a85a701fc33ff350ec4e47f335f9cf8c739c04ca483f9c62b9f997f4f104dcc5662781f4f4c03a682474f104903cb8dcdcb898867207ef72d0fbf3be2891f022f20ff5f50fc59cbca179e5e51fc635f52bdc678ae3e95ebb12ae4956bae26a841f1e74aff834a6d7a55f1b9a7a975f05b0954a460c6910ef31dfd550a2e590613701f939824d78385c4647c738ae6179355e7a0df7422bdb3d512a3482917840b71b9b8a65b8d091456e1417cf6d50bf8adab5789a610c0f7424029dc2312f134448138e22e47dc03a35e54237c35c246358f11439aace4f5a3b0e673c7d588a8449c4f500954f7019f2b4505e22632bf17b3c0757666daf00f9a2bed58acbec44523c5fa5c2384f479d45211443882f920f3c706f289f92681ff2942bc44a11296e06a622e519b9e812916b8e780dc77007111e4a9c95793cfd9cac3ef82970154fa883b2a50690c8f3d629f1651805f8100735125179732c3c783d91350b0c6e925e27bead44133683c0478aa0a41efc32c131130d24619e28b21e39f807173ddfc347c6f3afc4fc1fd74306336dc676a613025bb003bb590c1c2c702690ba81f69e6beec2120886fa2551568c1e476de513c47712d835b14c214477acbf1ad0af83585262ac1edd3b95740266ae0df04efe95629e6e19b3c4d29a6164380075f6515d73c6e9e85330fe16cd4e19b04c3372835e637500955214ec2fc86f91d9ef7520dd45ae0a61475781756071760aeedf442802badffa6d073bf036e151f04588179910f146e17c0ab5779020f2a530f04d8857b0ab413619cf8a68d3948d71ca46336d24f4c479aa7216fa7c2bf89322006218b4a707d663a9e54e62658f6227d90f99ee5927e6c4450a6b882bd44bc94a581f952d040026c82021c1c528027abf45b054165cb6a6282b2504cd66bc40f1437e001c34a90e125b80625e616948be95a39984ee69b423c0b8c2e42619eab86c48c2ca75f3895d858971a360208c7c2c842598a42558a6bb9a342441d2c903e1450bff0a9011100caf49088eba5a20a42c22df0ab953a80eb5cab010a498398e7a816e59a872daaa87594897aa0568f883a3d2ae6f319059ec2f73ac22d0416e37b3c2ba1067997ad05e62e310d108685f83f9eb065a242cc47f8f988bb0e69ab86d6518374cec7f788fa8290a8739488795a4c6ed5df00ffb6f053b01be036940087c67a8c88e212252ac17cf0234fbcc81baf88e17fa2f84ea9232ac2801779e3c7b510f9e6c4fbb9e019314b098899e0d70c5c89e98a5f628ae283607ae5959889ff98a94393824011d375f014188777c4788425c6212cf1a285efc38d1847ed0f15f204940913288bc044c4313020e43a1a0154f62f6b39011eb4057e1905eb5f29830bf0ab4a102db0595bf615e0a910887179feac0ba6a72ade64210461165aa7b9f8266b7a37046b280196bbd7a305a6c0b2658901111400aa971ed563f8b30853509d96a841ebc2b3904ca1a8100b80256a25e21a5c20480b9492e462e4d102352e8f455886f42ec39502dc90e59bf55ad0fd3afe7119d269e375a49747f0cfcf4b3f562893caf3ddc9e5f0bf08ad19cf932028f8cb90e64a35fd18fb1c7d49295b0bfcb216185280a7696c71cb21b8ec03999881b09387d8d262aaea82005748f58cfd58aa711e087f31be39238b5a44010d6961837d43aabf550055cc7a084458f71bf6965d0351449b9ca845cb42a1e569b14b20803c7b7201d4beb89e5d2096e695265722dc5254583cd3e40dfc27cff158a8058d862cdfac470bbc14c2be12fff906c2132bd0226f94029c7de39eaa7c6f720dbe4181e5b757f1fbf21e5a444e8073441a5c80a1d64085fb9e32f8413214e0d95a3584b61c7d5af6832aa43aec54eaa12a39b316ce697985493f0a22b774a1e00651c87db87ab420d4b8d9837e93ea6a5c0d19767fd4ec2fb2952a17656881797e8ae5b51fd53b5c8937d0c2f3c8670a05af522821c0f59a37ab40ac524a933c426b0dd4701ec6d38856f54d08d772d5672ccbd202f35cb537107f23d2c8037e8937a02e6e85b6b1628816b8d6519ce4796cabf0ddb5c03a2bbd3ced69919e7eb67b8ebea4f4bb0a30379e3207a12ad05f625fb6026a7095189f5ff80b679ef735a7e6713ba1123b559f09b44833bee27ccda9787fc17e6c40e160531554d808d461b4a2e843653b2090025c8d3e30d55f1b35f21a170b1d910feb9ef1c56b2034f57ad45def084bcc77f824167ca5f8d17a680cab90e6d5522078c65f399ee3430b30846db3e57f132a1a0a30af2bb580c103982c6ffd68b923e8a65f9ecc6d63cd4714e0050e5f92873daf073649e0bbb86e00963882430af062bd6cce22e4c322e4c112ddc4220bf31dc81fe6115083e74a6e176821ae85dd71b8c5711fd501f91c958802dc792e053cfbe0d7333a9cda0f72209aaafbffc90c1de500618819c054940509955d31139351465ec5f555bc1f3f085e861f6232cad678c46b7de2cb490309304709cd6d89cbc49f6711e0a98acfed52aba5e0ce44584e397094d2ecd3564235864a0cc856d61a35a6d0fad1da86d19285f1cca99c30fcc4f1bd2ab42ce55a5870e4d6fa443f627fb3012df042c4b304f19a7dc36ab4a828d4886b05b00acf3cd67eb5045a2fa8bd8d48d37a802d20af7df126fc2cd7b20bc41a359ce401d25b801d48e7260825cf7a5ca795183c21cef2d68f36a2806e410bbc0dff67838781ee461cabf2b3abd00b21c0db20e85bf01d6233b011d8817f5d9da505e6496e755a91c17f5da9b1c2a0ea1e972d39f3e50d84674b4e2d842a390f2d255ec77b825d0c82e3041c2de7e87cb544b9a804aa1107510170eca11c156f48f318f6769603914b0dbb8b910e17fea70871b28ccc46d859c00c0bd4e0383d3419f14e02cc0151c26e546c70808cfecac5783422d627be9c34f0205625322736a400cf503c6e175a695370cb4421c0fd4b29b83ca8d30b986a32478ccbe5f98e61206a8173ade6bc678d357d822bf7face3288d5a0c4c62e420bccc2b70ce1591057a200b13fba0e85bb11df5e9bba87aa8bf7b6e0f28860b680bc9af73c9bb2529e55b944cdae926eca0b2577238ddb011e60ba157df6bdf8c60614dc46e4a1e5ad1f6d8100ef4085b51b7960633bb48dfdf8eebafcece3044b1ddee40e99beb8c456600bb007dfcd26c03c9a71915e6cf05fdfb02a2f13dc6a9bf9828a0778037153a0d995e80b8e0b707c6011de71acc01e0937a7d4cce92d131cd1e71c76ad28d57d5905d8a3455302cc4add8df8cc29294e4d715aaa526a6f6c0c4c41e6406a198498653253906d012672f3c010600f049819552d33c816e0495a5cbc90ad05d65f757bb500985206a6c424646bab4545310ab81fad2ce765d9c25270795c350d12388d1341a1ae01e36b810af86f404bbe40ad15358e52112d185c8049cbd4c82f56231e1ee94c81dd8278890df8070a265bc9bed88e77c44e08b6091e325b0d37beab14fbd58858f4ecccac02bc0502dc04bf7b812684dd853007f11f9b345fd616781b04783f2ac283f8ff03c81f82c76fb3053ea0666f81978ef22729e87b90bfc46efcdb4efcc721b86dd00757f929c06b1d738d6df8ce26a9ae53f02b71ad9660a5b511e9b12b30eeb3cf969d072a10cc570ab88d46f08815e562f0a85ee121c5bc9a535a14e86aa541841cd9071067a35be38476e546fadd889fe31e6c899d4021e2988bb4cec5958dc14cdccfc43db7909d817bce334f863f6ead6b0bb2a925d23d9e1360b305668d5763655015fab5a8ddb4f2ac029c8d581b7bb9e133e229439c349ea0d511478c43bac7883d171b94d9c391b6aa25c963c89726e0280a74138492a7646fd5fc060f54b6bcf5a39d28b8f47b04f96be3180ade01e47553c6c9d899b47a6420d98cfc3a24fdc764abcd56ff300aef06c7ef7f108b0384157aa1b114e960eb6cabd9e638845fd43aa066ebe5a28ef3ed283be5a83ce2d0d0a2a8cc4d75bb5a56e6ec46f900db1acc9917c89a0fd3f27cc9494a106ab529c4728f6cc43305793935d702fbc78e53fd062da6380534099942f565260ae944d5275e523fd9443905b804fd431e69433341aa5a54bbea011ecd93cdf86138d281bce2e47e352ece20fd4780c3e8039fc075d71002bc470fba0f43809b910f364e227f0f518055ef1002ec4bb6a2d01f857ff94d84258ee379f3531885e674d90254ca1c67e078038d593847bd1069a2aa6df7996961665a91d97d65d324949539c73c68c64acd2c048dcb0f012e52d30f67c9a4694a30390d1adb54540cec1f4f960d8d6de995eb03a70478123298193403980b01961637fa276f814bb59041812523799d07a62d003e8f027c08024ca1ed40c13986c2780442790ac2b5572fc92ac0071d61f75114b456089d8d04701cea77f3102dcfda5181640bf2ab157947a16d067f889370dbfa940478115465aad81c10a351ca5209734e9d062e1464f29820cfedfeb22dcca66d374d3bab21cc445c04f2b25764b394507236ca27074a4debbd7aaba191a69a5f6e019e02419aa6060cda25b3e59d8e0c62dfc38902360902fcaa23bb003b79ae0ae2a040ca1162de83d165cff8be17d3c34603e2ac47dc54b3c85caa5ee5ca1c63595ee87b9c3fb5d1a8c400dc671186beb41d7e53409865cf7db4531fb6430d6c7a2636f604c235f5c1097cbf2f52ef10f7be7ccfb78f2bbe9fb3f56d56ab204035e238d4c2d3f8affd1060fab1a2ef47cd6ad44dbf2721f836da114f2b5a9ee34318726c430b7c06fc68054e002dc843e234c26fd38b871460f3bfd2ff331bb6e3bf9fe4eb937bf2a51179b6ec99d0f7168df61b1b548e3f940b1ab3ac02d81aafd12a4538bff0e7e1fc39c9f2bc59c94ac529015e27bd6a6132a014fd82f3f5345fb55b64737146b92851c33ff7208f9dc8c74cccc90f7f7b86e2ff390598a3d6b4979f83b269da1cb055fe92abd014e0e98adf98830c61cb4b23758e08ba51cb4d43bf666a16010eaa2e770dfa3a11b55e84b45a5c6b451940158ac2caa91e82b6bfa6f961b5a015d362b552d481e12be0771598b14cab126b94792814f3c5223d2c9638b20f62add3cb7ebb1d617702bb8083889fade2064720eb80d27ecde33eae84a0867220a80aad688dc4d10c34237dc78116082bd18eb84f4954c956f714f2e6a41a813b54613d9455808fe861f74908709b1249a103f19c803a3e9400ef1ee94f76e07b54b94f43486cb421fc4e47f679eb663524fbec7bc19f43e0c141f0c3c67ec44970349dd80b6d6b37fe698f3a0f795a2fb6a87512341821b6220ca7ce762a0de24d0edc210c070bd721deb50047b517e89eac166971dd270f96e420185be227ea75255ae41a08728d6c91c300cf610ae24a0400ce68706683167b5c815688fb59b2450ea3cc7ec95568538003c62c308273711cd6e7a8a00f99355b7589c9dae0a69471d47e9cbf3597c3714492530d4f063628c48bc100ced5da533e1c3db6479069a040a3844d78c7690e8e08376a10e02cf3c06c1976ab6183426ba305dfd8a7568bedaacf608b6179ed4714e0263d225b300a858dd316ce202e135552486c24e0bf2f3a50884f439d6e479e350dd10253804f41dd662560832af40514d2838eecf6e25ba04277e01b1dc8635edb0056244cc39e2104f868be2fc98a8ae93f8a3014e6a3086782eaf8131cc17bf6ad9b707f00e06019618e7a57885dc85fce3d73be7c0b9e79a5510b8598fc93bc54b34fa7cd5783ee796831b9fa8a8b31085bc53647b239d049f5ba0a82ccc3d42ae50a332fe0b2c0116c17d2e2423e3851e93829c059a61cbf1424d7d72a5c5f5b2955140eedb3a6f3e3d9a5a30f9c45802bb5a8bb0299c9f9405b703967f83a5a9725aad947a231fe72b41a2be0467be035f8064d1237c06d13b019e01c27a732f6209e4d5aa958a5f9b232658f16fced21b4648439985421f6e37b070ab2b786cd68058e237eb6806d089302c2b641a5b5c17e2ed10577f33e2eba90be27a8835b549c43d8a343b6c03ef7197cb313427c167940b4410bb88834340d61c8b1659437d9258537283ad4b048e05f4f337dd00ef60d310a7d18fdcaa35a5c563250e3a151c420ac1c4ce3e879340d76dffa18f872d8c221e627fe7d1fc0c13be6ef6e84dd0eff3b811db8e734158599e6a58dba0bdacfe0dd98f95ad0bd109ac802e44303c2d749f044c31884178d00dc2b100fd5ea32a8e8115c4bf02e0870e9a317efcd75cca65017416328544a73024c019ea90621c05c5440bb643383384fe7513dc29965b956a5167657a316e4b1d06c7117a15052559ea7784495927d60628de26f676dbe01dfd98eda740b9844b56e13ae6b8610e04f4acd6881cfa821b460d5a9d6943889c2b4470fb65bde06a476359eec4441be02bf5d48ef795c2fe3bf8f6b01e3441601ce518e3e53920be4d590e181305170a9b6d0622a0041f471fda836f8c2821ab4c03cc7fd750841df3e2e27fe6b86685dd0ea26a89ed1ac909645b4563ac4be18fa6c343fb4bc7daad48ad6308156802df059c06e51cf43308f0c615b9cc88b25cfa215bb8abc398bbe60375a8d5edcb74285ce09708e9e1a9902ec373c28c45e081327d969a34c218e40805d5916f4cfd73dee8550ef28b4cb2110761f773354cc86fcec2df056259cd8836fed84001d8040ec828ad40c01de0375734b963ef0ef4247106fa75606d5b71c0268e23cd27009aad8412dfbf2bcf67c3f04382eaee1ffce414be8c13fdfc03f9fd03d10e0dcb9c7397a4ac4a17a8f566284d0af0a4070b9c30527da29c0659a5ff8f4c15b600af06208f04a14e6954a8db4ab5d036c41ff64de1003346871134d10068e821e82003741388e239e7d5071b7a1a5b4bc7daa740af17649e1ab80d04210f18fece7f6e0dfb76baeac2a7487ea4e9e87dfdbf8bf1e543614e0ebb8cf09708e9e2a710ed7ab7a21c0dce4cddc3b8913ede510ac98ea13be2c8beb17412096ab61d9ea72b50ba71438b5c091c935434c91ec508210e032b4be1c3ca9870047e45c67931616dbb4c1a7ae38877b1415ce0939b7cab9d852a8c131d1aa45c4710785697075b647f5b96fc03f5bde0b08d32385b75c5cc6bf13dd787796ef51999c87baccab04fd0257d40aa8d01568856b81327107f76d8e50d66fb6ea41f739352a2ee23ffbe2523f98958a04be43308d04d5f573489f8df3882f13fc461778d1ae95889691eeac79bf4ff724d8ef6f53c2c8f390e074d87135205a11fe8836f8bc2ae7db77a1c23a82b0878126749f9a70dd85b46ed20ab30e6235aa51f7068e6f205f57238fd722dc1b08bf02588ee7e578e660e732548a0bf13c1fe99a8777b4213007bab8995f9988831fa570e7e05689ea179e2c1b207e2988021c507d4684990346da1bbd5180e36c81b398522eb70498d3417d57fc7c1401de0f15fa289872888507add911c443c388c3f8e6b62c4c3901013eadc58c2eb55a7482d9ecc35e86407124b945cf3ea04401be85824221e9c5b76c70308ab80ef71b1255126c614d948b9bc02de036700ddac67514205b80bbb27cb34d0bba7b51706f227e1bd710f62a704ddedb60bc266ee29b7df1241d26d2c39961afe07a59fe5ba9681b6295d3313d98e8c2ff75035df887f3f89f2e084517c27768832f0ea0b1c741d563d018a5157e5b80e3c041c4b31765289b45da1608f076a4934b329f4c439933129c4234772aa98400739714d3386421b000efd3174e9857ae608b40c8839fd178c9e786cc2d6afc460c3563390a01e774cdccaa11955a001934b80abd45f5b8372b3eb10e2ae8463080cbd738b2bc1d68545d43087008ad008597f3ae0dd232a90d8278082dc9ce2c530314d0137aa9d10e81e5a87017d2cc16ec3a701cc2b43d8b4556abc3e9be888ae212feed12fae9bdf82e710595c115fcc355b5ca02ef2128b827aee3fe3abe770ddf236ea0605d80fb03543c278768f54f393ceecb1a84d58acb04e37e82ccf8796f3f9bd72769217ad1e21197917f26aa257ae197027c6e08016e767813e734b4e4c807e6e14584e984e0b04b71561fdc3471fb7368811d0108b0691dd682b2429886251e08f0e079bf0df16e078fb83c72ab554e28c02c373414e19a657b35d41ae4ef2af85d862bb7235a84fbf9f8bf79d0d4ecf5c955282bd5781756bee4d34814e0b0e2352a905955c8185ac8704a884bc66aa15685b36c6f4301dea2f8c50614822d68c1b9587dbbbcc68714e0a601043801a13aa6958b3d68b52c6f391a86c49636cd04f3238c01508077a082e172c81d286b5c57bd156585e566755ee9cfe7e787bfcd8d08fa82ab9f2af33ddf7e5d2df9f902f8a7851f3724a400d7409829c0d19c00fbc796a00fcc0dc7ed2d4ba9a22c8100d7a3058e666d817dee6d5063cc5a94c21b0383e2e682f72136b53ba6c612b47ea2713f8d29b8b287460747359fd89fa50f9ca3cf27edd4c3eedda8e8f780cf5c53cd2944969937d1a75f9697bdcf5eaf1627394dc9051334cd35adb8b8257009fac45ff2b2c28507612d60544385a10073c510adaa96414599a7956415e09d6829f7a1167c533284cc2907734c53bc3791e996b701a9598d2768b67802df358d29d01f83aad8a2978883fa97bc56fd02d21e25eade8b0afe00784db08cec4259d90e015e3944653f2fcf9fe492457397106ead5b0d21e62e2e0174f9bee47d6052d031e357957ab1512de136e6e95e6391ea31e67ffdb5df869f9d3ec7f236206dd2bdad7b749fb14f2d360e004dc03ecd6b2c7f7ece4f2d2f03d276c78cd3873497b1477719c780362d6824d490d1ec28348e6ab35d96b71c7d41688f1676374180b9e884d7fd80b9cb489958374465bf4c0d26698abb1c5d2d0e7271737c76f3aad17d8be7b4b5cf177179dc39bdcce068ac3d5a7c43e1286f893856800ae43b5906b10a66bb1f6871397a7c1bb8879a9cb803ed81b80f6de011dc1f02f7d52a711757e21e0acc03e011fc10f7f1ad1ef95c2e3a748fd19465e06cffb75cee9b5a4cbc8def306ec21e853647bcf96c8e2673b49bb8aa944a5c8776435cc3ff1137d05a11b7f0edbb00d3495c57a3e2aa161597d5b0b8a245c4c991d917c81f7c7e6ef2ba5a2a47d5f93d0ecaf1fb4c13f164743e26c141ae8bf83ea7d27ae0ff1cf29ea3ffb466ebc4f7690c73c0e1ca3a80b81f027c10fe9a118e8b290e330ce2e334221758ec447e9b5a1ca721395a1d179b555af571f7506ec4f764633edad7b3356e5082a2e63332fac9d167445d4a6cec39add4a019e315805328b7c1d0eb28d009872feb94ce1da85b8f5118ef80f9f750286cdc414122ee21ae81f0007efae22ed4b7c7f07f0bf15cd54a8cde2cdf3cabf9dcb7d418c2311e130f33600bb6fddcd7ef40b0d3f524dd515cf9cc8a29222ee567ef53b6398a93d7f01f9c1aa3e09a5355e569536a1cd9e77cf505b47cdd78cfb9f0f3c83b0aeb79fc37c1a9a80ebce3fcfd29cd977534fe200498d386e6ee2231202e5b6273c14405049702ccbdcbcc4d06ed91ea8df0c7e949da1770749a6b90cd0532d5688943a23e27c09f2fa2005f504b0d73bed49e9b3505b8c311185280df4601cf1460d9f2a2b6e7f501fae1b680f0997808ff7d710f6e6fa330df45ab711505b7eb99c15b9e1e47d87d1b2de443d9629ab00576303cc4fff4f56fb7b4145e533ba066509ec203146afe07e7a86f215d3d79d967001219026c6b023452e1f4d94d4e57e11d2b494e535dc23f53a07b5111710ebd07cf5c4dc579640af219b54eb4a2cb45edc8fa443fa28108072a39d6c1554f1464da0034215e7baf2f7384da1662ce175b1b13aadc65944642e616c19c62e2d6c1cb94b098ff655f8d44aacb2bfa6e83ea6a5ba40612cb755f62a1ee4acc071669aec42a872fb152f72456699ec4663598d8e00826363b4289cd05bcfa125bf1bcc386e63301ff5b1d9ec46e8737c175ab0497bfd10288d80f1c41785e89835a71a2c911481c2ef026363f3f3bb1e96bb3063df3b5570a70540a300bdf2d14280a1bd5c0a104f83e04f83db45677a5009459425a25dec5f5f2d78b1f5d7bdee5ee71b8dcdd0e9ffb2c00f55882f73dfa137414e07d81c77d6e94eb5f595167a58b9af78fba11ae2ffac63714ba91866e1de90298beb3e80a9c1de9ddfe00aaf94d08dc5b52804d61be0fb78b43b4c0ed10e09bb2eb40c135cd43afa82159019c55c3eda7be81ffd38329b4e27f8f7cc3e53efc3577fc8a1afd9066a4dd80dd1277aaf510626f5601266d1f33db457bf43df81fe220f8b11fa0e5dd16d529b111f78dd05a1af1afab8015f9aed7568ef0ff623df8264fc400cfb9249547cef0889a455f7601e67cdb3ccd6d706b14eeadbc5a66d293bd94cded48cdc9774ec2efc67bf65308da329bbb5b981bbd71d1f871096ebcc6cddbaac51909aebfa5e554ad5c09d48d6b5f5c50ead0afaa8340d68a841e16cd10182b79fda8af00b3d5a000df455a3e4a0b7c5f09ba7f84ffb405d86c61aba00e435d7444b32e66186ed40d41b8873e2f5bcbbe027c87b6de4318727438bc498e1dd8027c57998fd6d8ec87f7aa9583e6bd34a2d13c462f5a44d318a606ad71b538a73688d343b4c0bf0badccf3276d0166995c8bffe59133ab51e92cf9b20f62710fab856ac058a572d7fe98acdd68dec67d8329bcdbc0202ef9e37add1d6a99d809b0cfc2e9226e4b43e13d04d58a16545c5ccf0ddc9ae1b715f72770cfdd284ee1fd19ad5cde9f81e0d07aea2c401b665e5970ae2825284895e2821616a7b26ca4d7f54c6cec792d62dc441a5800d90f656bc27edcb921cc1a1fa93ef78ff17daabeb67a4cbc8fb0171d91cf9700238f1e213fefa2d27b887c7c887fa01a7d17797ef9630af02dc471938364c81bf022ab009fd202462fbe43d59a7d64f68dbbd002b7c9aec46723c08d2a8fb5e174a5b9950f07b9784ed40ab544cccf09b07feceb8adf60df82351b85977b1e51801ba1a2acd742e24dbd446cd34362175ac7bd7a291016fbe076006e07015e8943703f0af07a08ef8f3b4a45ab23228ee3b9053885fb841e156d3aaf115c4be5f5aa5e292e21fc35a87fed0e9f681d33b400b3e0dd433a29c0b7d012f0fa5104f85dfc135bddbe7dce1f01973e6f2d3004f881eccfd7a404f801faf10f51517e5c01be0ded8736e214e0de2cb6d0ccdb36d50f01e6a28bb85c707111157f875afb99b6c0eb54bf14e06df8576e446f0bf02a68208ba08a5bdebe9cc41d2117a3ffb25a8d8bf5e84ff1a4030e18d09e795341c4d83ecc3660ef85005fd6ca8c5b482b5b6cb63a2cc057d1e277ebde21fbc0ef2ba5e21e04d81e18227ec2566b8805fdc38dd88f7e807473f4d91cbd8e418021c85a1c029c7dbbda0ebcbf8db0f7f0efb7118e6a37d56f2ed0e8718445cff3a5a2cb1190e874f8c5593d20ba4707f1ec15bd08c7c12e73b4da5ccd7543ab86404721c87ef80f890e68515cb6d92e573a85d0478e8a76e014eeb9faa9590d8a63c061b4a087a00673251a4fafd8830a692f2af1ed5aa9c42ebd4c6cc5fb3d70db81ef996753f17c2873c5db3a84fbd2abd0dcc67585e635366965c8149eb8c79522e6b0fe063d947597c7a7417d0598832e2cc06fb1f0a1f0f6a00f9c6d4a2753801fa140107f8382fb7914608e50b33f6f6a127129c0f721089786385cbdd3114cdea5c083c7145c0a325b63c2146a736cc106974e9ae0c06125d56c892bcc375c2f83176c89cfe199b8c4961ceef65cf2453c5fc0fd05843f872b9780b6aaa5e218ae47f19efb741d05b844f1207044de9b7b7171a3871d08c7d1e96db8722513f752932bded8027fd9a791d802af401f781318c09a8dc2cb89f3adc8a846dd332c05f80a04f80ed268c39c1b8d89f30e7fd616f88eea71bf8742c382ff4882861915e21ddcdfd07eff1ba5ff2ed403d5f15d14ee5b5a2d2ab03afc075469083347a6afe66717e013a38a93b7119695188535134fba2526aea1d5eb8b5e0b97e18fe040d645a8efe67cb169e0d177cba2be3b7cb6233e6ecf7b029528b7eca565d671b81d038e02071197893a39b5c4ed96b82b26cfb63257bbd588d5a830d6c06d1d5af3255ff6e58414e0956ad0a0f0b2f53507aeb8956885d8a8453edcf84c617c9bea726f43e1df83ccdac36900dc738bd6837d7004054a82f70037906b857f1ba7faa00de8003845d18196a44d9f2171aac0e93ef20da7fbd0b79c839ef93a9000df47daefa3b6be5010fc4802cc56f72d896aa046bc27d5c0f0e74a800f7cb5f08f3abe1669ebfc5a24717e5420710ee81ae54db43feb4d1c1beb6ab4bc0d48879e77369e2c7025da0a0289b6519e44a7a338d1eef0a4d066a1bdc02771a6c06b026e12cf06244e1678d2d082772d0e97bcb68e0aa6a165542871ac0057d527af87e1b60ffe76037b745c014e3feee033b4216237b053f125d6a9b313abd539897578bf9a508b13ab3557a2ae604a5bdd5727fd91f55b5f4ee25ebeab358fb1058598c3f49c2eda862b8598aa0b8fc3a4dd2a27dc39f16e1ecec56580e57205d14902c2730aefcf00dcbb3801ff725b56dc7394d9b4dee1882577c230d7b1f6b5a4320d08c250016bc4392d245ab36cec4e01beaa450c391504d088c36e81bb0b86984642a5f13efa598ff07f14dec7105edebf87fb1bdae76b143a4739924415792dfac09b21081c2030e77babe47cef018073bd3479a3edea31c03cdec35c06c84dc679dc880dcef172617827deb5a32f630bef936d6468c543cb1ed35c8f7d24ee82714d998f7bd344f1ac5e02011e7c60c26c814bd1029bfd5fc216e08ba34bb20af04dd5e7fe6b543666cbfb04efe0dbb7f4cfd728748e7294a2b58ec03fec42ebb7476980d0d6013caea40e425b8b96b60e025b2b778c6c0578ac480282d601b4a1e0b7430028b8c479bc232ee21dcdef2e4238892b7826d85fe295f3b6b7fb80032737f0ed0710e46b8e32d10a55da4a5a3f3af19c7f6c8f1a361ee3db8f11ee3d5c7f8256f5c740cff351a3e93b830bf0a9314ef7fb5a44fc0dd240fceff837e2df239e635f1bfaaca11ce5284739fa54e8c0d8e973ce7c7dce6f2f38bcc665d5655c558b8d6be80add563c7f7f396fd6772d6f0352c231f3cc397d8e715d2b367a35bfd1ee70031e839b021e1ae3caba9473d77385bfea52d15501cea92516781f30bab51289737a48a2530b1a1d706fc79538a3fa248eab5ea399d07c4fae7d70187e0e235c93e295d8a7788cbdb81e801b817eb0b141f5e0ea341638a6e6969ee6e8f347b48fe6c28c47d060de861662f7e91fa38bf058cdde1de876f893f7a14d71049e837f8fa1357101c57d3cdfc96289c5ee49278487c61f04f72123389621c734546e16688e6dd80b214c6b2deebfcd6587263832cd554cdcc8819b3a7067166eafd4826ed07180632ce68207ae5e8acb71172e45343702a8965680b4537853e5313cb9c50c39fa1c525f01a629e83b1464b516021913f7b48f26c03400e1d801a7a15202ac661360e7d876cd9d12605b88cdf961131cd3e0d80685d91660d366ba5676ad085b80cfe07d5f013e01706cc516605b8833059876f8b4cbdfa28673029ca3cf27f515e0772d017ec76a81df1aa205ee74f892f7d50804d79c437f4fa91277e5bc30adb2061760d2eeb1eebfed1859926ccf2b9648a8c5c936d59b3c95d717be144ec04f0bdedb38a6b8259ad474ecc73b1bfb145fb249294ebea93a93dbf3dcc9033af70fe73ed4dcb289025c2e0d8dde544ac49a9c002bca128733b1460f4853356e4cc7f5995ca4c095451c75e6e97f5c51c46339794d00edc05964e639802b8eb8f2288116a01d352d6d6389b36a1d5426ae32aa90ab5d6cdc815fe236e220ec678223d10f71ed8bb7119e858c0595b8af56a2a0558adb9c4602fe1a71fe08ef3998d59b6d251354c07b6ac87897ad0e5aaab7b50aa00ae16bc44ddd67747dc443c28703d1128b9b13707d72a6000fa542778df4251f6a659f48809f061d50a3c9232a77f1a8b05a605380b72841b1eacbbea91d69b9363bb14d2d11bb9029dc2d90997400e086dd4725b8154a1904ba0cc21c07ca20b051082e5717f19cdc32a8445c5d4453399e395429afe6b451d43cfd006e97f14c43f8279b9453e52a4ba963b71087b9858d69e36cee38119585acef8e185c3a4737f6e138124db0203f408d0c411c94a110dcb1ef2a11e36df865a1b72b850748df1d47897137cb14d470230af0bb1056aabeb424e354d8bb6a352aa632087076a3944b8e68f211fef92d9967e695d6693488b9a90dbe9cf069d10ed59fdc87ff6a429964e342bb044e736ea4007fd96da1492b75676207fa13bb9141bb64067167c9b8acf168abda849afe905a2a8e40ed3aaef2acd932d1029c00b8549067d6126d280414666e164ef034bf6ef8e9d1a2e212c2f50257800b6a08421d1657f19ea67bb600dbb6cd775010d9b2722b9a5bf04fb33fb610c41d3cdf43e1bb8bf83900c3024c5b680af67d30f4da1002fcb6124e09f0fbf8df77f07d6e4373530f7cae04b8470f42852e1314c48f2bc03d8e50d2cc3753801f231fa45d35800a73d809c46e08b0d90257a32c72574bae47e7a2869c004b5aa91726de547c10609a50560a6e15bb03aae571bd461c181bcf7ae8d727a573a3c3dfee75941adc848dab60786c2717e8dfd36ac5f59135596d797b0b4adbd987a300b3a57e8cb06c81b93ef6a63ef8d93eb60073013c0b3cd5cef75018d882dfd3c310e0e1b5f22a1bf5388250a1a31058d3969bdd0c8e463f46a53794009f1d599abc87bcb305981bee7d5401bea8fafff67a7e69f28a1a96b8a494247b95d2e465259a01be0b277b9490c405f8e9847b5f1cd5bcbf3ca2790de2b0ea310ee37a08d8e128323616cc35b63cef36de2c701aad8e0a688331690948e13d807fa596b85d09e7fac0a4e59a0b2a7400c2cb9df36979c58c621f38cc2333b216864f4aec8f5e457ff4220ad215d4ae1460738744a8def9f1ac027c410b241ea2257e07cc3457169902fc1005fa9308300bfe4d2df8b96b8133059815115be0b78610e02e47c92712602ee83fa9f90cee0946759b23d8c45d68300437d723389acdee10f7dcb2bb4957e17e19d70bb8f6e01d47a7cf232c572fb1ebc5dd2d79c81aa7968eab95a215575afc1d42d938887087e09f1a21cb2635441e1ec0430572020c5aa639135b157f4a808f2835621f54e6fd4a406c737c36ab746812795d8b1a97c0786e4cd75785eecd2bcb2ac017b570420e42c12f57d450209f08f0e0c7b2dc8500df52c3c6bb28b0e6c00f0bbfb51c4f0f7dbefac00e8ffb1d14e077955aab12fa38021cfe4402cc79e0b3aadfb0059761cdfb52200c3e46c0c3b8c40df082826b2e438c892bb89a4b0b29c0655280cfe17a163885cab805e5eda81616c7f48838882ed6413c37a19b45ecc37b6217b4ae9d8079c243b59c465a93a5cbf4a5a1e55a6162bb1a4ca9d0545328c087c198bd5af43351a16d01e6897ab600b3d6a6005f817a65791b902e69e176aacb99026caad01f5f80dfd66bb99cd078e79b95dfb6bc0e7b6a1f1178ed1e0af57db506fff07105f893b5c0a47ddf72fefabc23685cd59fe082ee33ce3902c669b5d8380955b8cb11313ad13d3a834af1148f5fd53c468be6369a81a36a1154e662a8cb6ee3207000d8a37b8c9dc0361d2a33b005f7c4660b9b74bfd108d5ba11df590bac71388d150eb7b1f2d96263a9362367894501dea0fa51ab71afab4a59bb1d402b7c10cf5c5cdd0c413e81da9523cfc46908cc19808356098023ce9db876c01fcfb3e531952d5a401c1c33b83099025c665cd6b85139f75836b78835b789e5c09239d24ce1e4ee11dcf2c586b908dd1c91e65632b48be67ce823d4ce590518dfbc834ae33dd96a711552050499ea340781d077c49505f96d7ce39d3e780fefd21115efc3df60f80904ea3db48e6f6b50351da1ac95d1e55125c91f6b4c431828957113037d379526089f395d4421a426f264108b7de0a104b81b2db03900682ee81fee8358391a8228c08daa172d30e7d7cc0deb0e0014602eb23e04c61e03c329ccbc12c7d1373989be0a2d68cc55495c4e18937d19aa46a7f51271a420bb007359e045b4f499026c9fb8c0fd9bf9aeef1412c12580044793dfb1ae14e08788eb5a96930d0713e0b72d5088df9757b64a958382dbd066c38f9167ef223fb83cf2ae1accae4d38fcc91fa14fc99693df35358381bf6b83e964ba6dd8a3d07cc7781eaad97717a121c66df09082cbee83dd02b3c2bca90fbf69a41c0d41ab3417fac03ed907de0186eec3954b09b93302e7810faa8056230ea3863f8a42c9a58334e4b07759a0d072fd2f5b61735b151a750444eb986c4615b1b1dd5acc38873839fa4c133c1bdc1182c26be3314041b5c19d24399062e3aff14dda02b395ca368dc481b31b6aa9f123b51efeed45fdfdf118ff4b0cf6cc34bcdb079902f616f28873b43f429eddce2fc92ac0b74706923f91f14305b6607f271399e9b0c1a9240ae13ba898b8a9dded21d636b3d2b8af717edddc92975d0f6e88c72d76ee0cc379e01c0d41b600f36c1a9ea2cef35b0f51785100378df05fb0cf813d813ea48d2608c3bed1e16fefcf2ffc390fdba65107556a0af23914e076f4a94f3d3f786b681305997b3db37f2a81e7bbf8968d5e1bf89e09f84ff3c367ff580eb0743df7d106a118dfbb1234ecf8f4c134bd8bf47cd441b15ea4db0cfbf1d2d5379f526ec81b2bdaacd4fb8cf34978a695d78fb08161cbb73ca72f6a81047141f549741514268e7da3f0b4e565403af1d5e2ef9f741427d0b54a346b3e89160bc7357fd67eecce1125df3da085daf6a8d1c41e740fb6009b81e5cf7a126f7cd53fe821005f1ae2c90b5b20707285076a745aba707d30e7deb60e310a7dd8114c5270db545a6695a2658e880ed4e66de8539fcad207ced1e78fccc50c4f5623716341a2075ac1399aa266a9b0ba95b0fb32c751e0dfdc13bc121a5ba538ad9589162d94b58cedc80f268fa12c72ee9783ac3cd190c7af6c544362959e9b46421fb838b15909a404781f32682732eba3087053be1f025c81d6979b97712eaf4274aa756068046af7e00bf373f4f9237339a1d7b09711dab8a8d68af37af63db929c05c66780a7e3b11c69ef73da94620c0d907ddb6e6f9924794a81c58ed2bc09bd4704e8049cb75578266693b943a640c0f978a082ed93a86fed4c6210c390e8cf4256946c96561eda889b94c8cbb74746a11b13f27c05f28a280b6e91ec31c748c49e1e51242ee48795ecfbe2368871275f7a08cb4a205e6d6b2dcc1856329adb255cede67df9ae74f72bb592e60e018cd2edca7043867c8a1288b35a714e0ed4aad5c91442b97edb205e6e2e9184043727349175be5e36000d18ccce7d192e66aa574013eab978983598e48e1d637edcf460c791c26e2e5e43e6a697111d8fff5ec270b1cf99a33d1abfbc46da850341e788c30e6a288ecfb69354105ec7644e5763cb4de7a0bffc07391324177c29c5be57416a75ccc2b41db6bba9be68b1c747ae29fa081c54db42c3f41de347f23fb59bd9d238b939c8b36adc94c70bb5b336de677ecf8fba26f7acdb38bb9b4302cee200fba46ba8e5bd10f484d63e6266fc02f0d2e78a4ca5da4f70ac36b15e254c1e002610bf04d7c8fb005f8926c813f9e0077a28c24001ebfd3a26457a129c04d489f2dc03b71cf4d17a9422fcfd9422bca7c390fcc3359abe5debb1cccda0541a5c91aa7939a90713cc4ccdcd8ae1c826b6e6e47733782d348b6fa6c9e191b13ed057562679639590e445dd622c6799585809b8513ec5b218ebcec23b71c40e17ec81c7da505d07d14268ea6dee734529651680e2e3d90a694347ee0a8edc0e0886e3a28ac1426536038d5930d3f9257542c28d88fd421accaf2bdc91fa1509be69de6b410e775f91d7354bb7ffa32417f344ee1e838f7bbbe9cefcbfacd6e4730c90de0390f6c9e6cc103ceb81b47695653549a529a026c2e0ba59924f9d6a37233c2eca762b4ea51771bf86556f0dcad94fbaa55a1f5e5d4647601de94e786009b07806f93ad2ff787ae16eb51492ecfb5c06881a126af43c1b10578abcca898d8890ce7d412977099461de60e09dc5296b005f82484df1462739b14ee4a79c6519d558039627c492b3538ed7403df35c135beb8aad96da1cf6bbec475ad46d09a88d648e6f2433e4721c059e68115ffd8874a89c12993bebb5266a2bf00a76320a125ccb9e52af16379e599c055e2edbcecffd23b3298a44d33cf39320d324ca312b3d2300578a034f6852dc0042b825e47f68ddd6d01e6dcb97d4e14afb467be3684009f194480bb34cf10021c7f22c0a8b038fdc8f5e5cde0d9e121fac09bf28b93b4cdb70558eec681b437a2c2cef5812d5aa9785f5aa304dd8d5ad0bd0699b24d0d9ad0c2eefd6a1f6851370f6b1e08cda865893d50c3768ef1b8778df10fba413be9e818a7ab0d7ecfa2d0101df8f611843bf3d5e04ccbcb80d4f555fff73b1c3ef735a4a507dfeb7684dddd084f03ffcb7af66f768df1bb7a9156e2da40407c37116f5f64fab93900fabeef41da7a1d41f7d9029f7bff576765fd973b6a30f9360a36e77fa97e53086908727774c587979f09c4cdeff54fc325877ffbfb6aaccf1c308598aa385a6047760de6f87325e34e8d413a114f0ff38de9c537bac7c4dd97c7940d9a7f760b6c2e5078b2f7d5397cbb53cbde029f42fc2d5a39ba4a1cc8e28c05bb5dd5d0e4d80267ef036f8000b35bc781d5cdf0cf81d68db837cf46ca09708e9e225dc9f326dfb10c384c21442b8ad6f0861ecc7ace538f23eaa6d5d57d08308d394c4b2cf364ff4bf9d9adbf3e29d97d605b80cdb38fe2a21b1acd592d7b1fd816606ef270022d27f7c13a0da16c45257444c9de0237428536571f554801de82eb7afcef6af4dd73029ca3a74ad7f37cfd04982afecd21564751eba01a4cab349a95722103fbcdf7e0d60315d9f2f6a992d90207e5e1ea57a5f09a879b51803bb888015d14cb6b3f6a464bcf395fdad1db02dc8a34f34ce9a6216cb71bf302c95d72e08aaa33fbbff13e029c1bc4cad153a4ab560bcc916d5b80d91fbda6058c77ffd7655905f88e16933b97d03e9ce1d96fe6ae94973e43013eadf37c60b3e5b58f173d8bf4b6695ec1f796d77e7404dd23cef9d2669e571ec5f351057835f268ab1286eacc6d742ac426b4c23c9d702d2a829c00831a47c617af198d1a4d8b8bb55aa9588f5a7c130ac21680a7f3ef54a2622feee57492ca3392cce320ed7db2b8976f0b1872020c65cdda82daf2d0689f58e5983168e66e7fce3ff6f8e89071c211125cd070118cec61eb017423ce0bf85e0fbe651ebf620e9ad88799710ae4ba5a226eaa61091e2d7a1d05c906b7e0b983dadec64d14749e7bbbff1b73b316eca67fe24adc70f0884e1e801642ab582ade651ca3a3a2e31b830feed014f23f7cbbd278a445c46d3d226ea9010854443c2ea8101747b9b37e93a3d0ef23cfd87f356dab6be4a0dc6d3d2eee7e332aae23dd0fc113a685697a1b85ff16bef100efb91ac95c93fb4480d9025f70643f1f78f7d7e7fcdd6d47a99ceabaa695208e90b88bf8eff2d0f6b1ce36cb5b3f3207b14a8c2bf81efbbebda83c28c017a01a77233d09a4b3ab2006618ec8f3804f2b41c1156aa7e0dea2f871cf33822bc471b4d81cfc6479390ab7a62136e15b092d85b609b6006f44f9481df09d136045a9d167271621935740105783a93c5a740732692f84661fc0d549e60aa54ab927d11164de513cb720435bf07c12e14e01e612c31898532d0e39cac4c62cf3c03c69bf438b18dc578bf3c057f13ddbb287c2cab5c19ca7e4f4108598c27c11711357f06cef414c7051b9794abd096e7ad717e62aa752d193e7ca5ab06fe891c44df8e32e1f843c401c575610d7b2ecd6c8beea03d567f09c61ae28fa09aeff2fe4014ffebfe2f066fde6d551a1244f477cb288811bb49bd3554f365eb747a44dd80beaf9af0fe4bd29c0b60a7d718816f85c7e2869ce1d33ef984751e4352b0e54ca590c7728c0a7a019d802cc33aeb87c94e75f99c789d6884ea516cf95d659c0e600d729fc1ffbba3c048f1b22722ad23c632b268e21bd078710e0e5e8036f035f7872e67a7c8be703538057a0129f9f136008b0e64cbc8e566a353285d3498d60c426dcb3f5e56167bb9069f2f474603f98bd4dab90bb221c41cddd0c983be8736a892d71147d9c6ad1849623ab00a3bfd4ad848c338887bb585e40c125b8f1770f987d11b56b2fe2be06dc00f3b8c3830dba3d71e77244eeea4183046eef4270cd3037bfe3f44c142d0d5a0bb4129d43b44c68d9135cfd64f62b4db59647915e41e5c6516bcb5b3f625ff58e236470a3b8bb10f81fe11fb83cf13ef2e1be927d44b833df9f7c447f0827372500cc1558ac74f0bf7867ce09736e382ac1d65db6f0a9676e116befcc1915174766ffcf2e873f798f2d2ee2b8897c2458c93d22fff4c105980b588e4285e640d425f8b7c1a9214e1ff2d4858b783657a7d9a72f9443b0b9422d82e710ca48a9b5a3295b68ee725a8632955d855e99e78700db6a33cb283445e4f12a6862f373dbcab2057625e6ab9568816bc41bc8f03560c04664fe16bd56bcfe5cc907e57985c9154a5172ade292589def4b2e1d59945cf5bc3fb9fdd96ab9dc901b8ef18475aad56d88a795a6940e5f9c4c37111bcb1adcc6f1ffa564dc7935fe2157329dc5f76800c2554cc49d7fb9489c1d59963c8ebe4f475e502281568368cbe773c90008263bf342297480e99d4097ea4fb6a215e412ba5647e18fac5f1e906ea120ddc3f76d01660bc711e1abf8975e3d8b0a8dffb9a6fb0cee4f45159fd33a7281bc560b810e0f29c0662b48830a53806fa360befd6c8d68fbbaefe7679ef726cfe60524cee11f899efcb0c42547a98520debb925d68a93af28b9247c64cbf63453f20358f7ced4ef3482ff206f9a40692ddaa0b7955943cfc87eee491ef14673d5b78fb88197fbbcfe14ab6201dc471843ffe15ffcd13fa6bed474696fedf675051b623cf6813c0ee94b4d0d3eac5e9d1d5bfd89d579c3cac04257680b7c49b2a3770cffecde5e0e32694adf5a8cc56a1bcac025f56208f97aa21519f6b8115a55a2d4e2c8200af44e1598982b71a99b502cf3cf47b9592dd16fa4d0814f78fa6a1876da9c5fe305b631e93419c40c1966708435d3a839a98b5b269f0619ee0de8df036d80a2786307ef8ace82a5b6008b0a93e5380b9897cb5b84c01760cbe530505f83a5a265b80691d4501be238d4d4ab3fe4b3704f0915a2b479e9fb4c095a8340259a79186239dd442099e83c4cdff69a8611f3bdb8ad67ecfefb077d54a087e23e25b0f9eac46b95a8ef2c5b24a019e9f9b4652944a08f03c14be65c894655280e3c8a45ab119856aa516185280d92fe66e8114e023c8e066dc13c791e1442b5a64da4cf33070733b9e7230b82225c0bc9af7ec4781f1436c6af759912dc052f5952aad29c057744ecd6457a16f3a8206fba37d05f8162b82215ae00b23a3c987f8a659613c11e02b9aff7327c0ad6a3041cb3a1efc4e7057491361b1ff7710b415aa3bb90ef151757e03f96a0bf06225986b814951655a62313266110ad1eb687dcd0caa11ebd06a2e74b88610605f92eb8769376d0a31f7f0ad13875021b4a1b5bd80788f21ce83e88f1e410bcc410b9a5a76e3dd39b89f8280b4a1c0b3bfc46566dca5f0c4d3126035923007c5b83b660dfa851026f4c76fb10f3c840a7d55f3a20f6c0eaad1d69aa73d5c8700dfc98b65fd97ab50851f683c5686df35b70cba8d7097f5cf5f0bdc8cae5817f8cac52d264c53db63c8bf3dbf83002f839afd067861362c656864584eab44bd121095b93eb0a2445467622104a901993d0fc2b81499f33a846a1db00aea63955a64d4f6413de1986b2c76141a071c3c189c1be1d923d51510d279a219add6a611c5af599fe847db0b7cfffc88a3c4e089fe1460f699388acd8510671db56297a328499c7044931d8e9844a7232ed1e5284b5e413fcac645bcb37101effaa267643cd9eba8485e471f3231da9bb50f4c01e6e836fbc03c789c424c01e694554f96bdb6b8c3c715d5230598f6dcb431fea8027c09fdc84c01be89fb4b43b4c0679e0bce3c372a94bca9c6252ee13f9fa0ac1f2ea2a5bf8ebc222e406db7c1e77323cd7ceb70789367be599ad5f473cfd78bfef64cbe37d9322a963c8e386d34e7c792cd0511082c05b74a0a2e0737b99ff3012e557d2efcabdd8a2f79383f9edc0d1eee05af76e4972537210d8d6aa8c98a7e407a1d7d7b0aed32948d65e0c722c4d9003e554380e3b916182ab4ee4b2cd66a51a355ca8c598c02b804f7cb70cfa9a5e5c83cd6806b8146dcb32fb201d80c3f1cdaa7891b0dcc795e0d977ced87fabd13857ea363f05af7c433b1b127b5a8710cfd44f687cd2326390d658e5e9a2d32f7db32d56a4e5374235de6687539c07962d39080060504a735081a19d04ed79c6a2a874044f05c2dbaf2b2afd2b9aa4613bdf82efbc014608247b85cfd0802dc0b01e69c2c5bed87107c8e867304f98e9a7d8bdcabf9d1240f6ae30e177711968b32ae21ff2e69e1ac027c0a7d4aa4571ee3c95d3c6f01f6de62fcefbe605ef405f3c7ce2bcee572cfe61efc2b4797cf6a834f97c95168681a34c648209c69cf8c2e0ff2cb3c1e94c6199c89b0cff9a599246d06cae520e793f37dcd9d4f77019caedc3ac472c285688197220ccbe112c4391fe11a904f354a8988e75a6045892b9ec422ad0e1952895a2d8e56b84e2c44215a848ca22073c46f15aee608752c25c09c6ae2ea2582266e3475a320ef45e60e29c028f4c795907158ae4c31cf88350bc49329082e4f943b7ce09e7de5f35288d307bc08735ac3b40cb2cfa435cfa585f0e1dd754b80cfe6655fa5630b30b7b4a52012b751c028c0bd6ab6a591feb1173573a13b05ea01bec59552b2051e42802fa3053457f670de9b83605532ad3d5a28ab0073f1072b260a28d36b9f82c0677b7edc1660fbb0ed8160e61bbb3a9cca83f693655b590af011fca7b9032961ae42e39cae3dde61c21c03a1e09a67fb5278694f50298596bb6aecc07f728a720bbebd7988e5840de80353655e8278e6831fd414eb114f9d1ace0930c9376a5a13908ce6859231a874f1fc40b2422d4d36e07e1eb030af24b9d8c2b2fcd2e48afc507225fa6eac198925c06aa550620b545562edd8a2e4da6f166555c776e4179d05923cbcaa19df3ea0b82d1427cfe49526db95b2e4493524afa7f06ca3eff451b7124b9e455a3a9500ae25121d086f83d32d540f5bf38a92fb46cec9aa425f56c2898b2854a64149250418fd60a86c97b412a8f5d905f802545e6e85db4ba16558ad4cf46a55e2a69a5d853e93ef470b5c2d85cfdcdc9ead641c02eccb2ac01d8eb0bb578d480dc4165c56563ca6e67e41a5b0a79c2e414dbd08b595f970d15192ec81cadaa907e13f0681ad4545c883b76be5d8833c2921cbae9414e00310e053f84f82839204671d4ee995a8b0833fdfe0f083ffaee401f0c6c6767c73ade2f9c536fce75654703bf11daee995b6cdd022963bb26fe0b010156f03fcd7e31feb11b616e16a20c05550cd732a748e52c416f81204d01660823b4ff46ae18f24c014780a305bd2eb6aa9b882be6daf927d63f7365496dc18ee1abe690b702f84eb2254d56c02dc86f4d802fca495ad144cffc951d92db10e39a2c92e544c349aa126630b30cf2aeac86271660bb02db8364e23fc9602afb13d4b7a1b1d3ef79bc813ee7aca2e17d79e6fc0f71b918ec54308700d5ae03ae411518b345253ac022a737de01cf525b6c097add6d06cd1285495e2b216176d59fac0b42a3baf72b3379e81cc96bb1ae121f86a1d9eb30bd3c93c6ff21e0aa65969b035ad447f14dd05a8d0d917c8fbdc979452710eaa3a5561f66d795c6b0f84fa447e76f3cdc31018734c81630c6c79b98f775476654e65698129a07bf480c181aabefddc26b5561c50dd469332f801e98d4ad0bd05dfe298c966a475138517df5fa744c592bcecf6e271687875f0cf319a1a84adc0f7a3a834a2f8d7a09a9b07ce914517d570a25bb686a600f3dca69b68d12e41303ab24c2351d02e6a817e027c45ab474b9c7d1e982af42d0e24a125950b0410fe125b45bd744801be8c027c1ee12e4088d9e7ef417ff22cfa852d43d85f37e5bb921c53380741e82bc01c4cfc28027c0ce1d8bf3d886f72baf020fe73bfe2ca2ac0ab549f7b03f2733dc26d00d64320d74308d7e0fbf3d1bdb1bc0d483154729548235bde382a8c28be1b42f812b4e8be9c2187a2cc52e634cc54e6240228c0012d9c082af144588d27a25029e3162a2dd4488413f5b82e546389c512518925c04a845b876b235ab37519d8006cc5bbcdb86e5642125bd54862079e77e3be49892568d84eec039a10f741e0b0441cefe91691b0fd1db6d0a2c512cdb81e039a91be935a347106f76dc0113d90380634e717669dae38af041317a0f65220e4082d0a1a55d45eb89d19157b7446f725cee841209ce8443e75699144971e4d1cca7fedc285d11568b1a332dc2d144c0af065b44c3786b0c4ea547dc9ab100273891ed7d7c6c4757caf5d8f89835f41bcf80e5ae3c439a0530d020189434ad123aed8ea867f5a3fd1269995070f586f558a3f38a07adaf7ab9e449be64b9c547d89635a3071586eaaee6f3facfb3f38836f72e1015b5d0e189e521a00f46595c155680af04ea8f647e1ff0870083828512b36a83eb13acf75610f78b415fcdc68f19be56035f275b152fc682bd2ba06df7d0379ba1a95148d3156a0e2a81d4280a38a0f025c0fe1ad1011fc5f18f91c44d8b01216bedc2096a2ccd19c09176a733f0a4100195482cc29416697e2be0c85a41cf715400d32be0e7eea70df00cc07c317e179093274296aff15f0bfcac21b78bf06fe095ad0b0e6b547abcd3db7cae540c60eb4785c18b117e0486513817bd6ee87e1c7dc832b0a94a6c09d0cfbe2a434902f15a7f00f26cac569c4cb515216505a079dc47f1c446b67fdf280741e858f53569cae32a755ec692b9e6bcb3e2347bb39facd692c0a37f783aa1417815b28c8b6c05f47985e84b9a8d5229eec2a346db5b92327bf61afb8eac577aee23b97818b323d34377d82b31018da8f77e3dfb980a00be08a20f3cc5d1314d076c445b355e60347f3650b8bb472891fe7dc5b1137a77fe8e784522767028ea8836b1adbd155d8a17a0c9acd360134de31e7fe6be4cc03778cdc0481dc8cef93d75cfad7887b4e3f4ac1457a79cf85086f00b4bd5f01f7ba2154e852c59b8cc36f0cdf2a451c258017f1f8d49070e5045851666833124e2d8ccc88090f54308f5a0644904111a82965e86bc49179715181c259894ce45413510370de9843fb8b502096e2799944b9588e670af46a845f8b783958b11e6e1b808d7023b83d0a37cfdb0e867064720feeb98d2dfb55ec5f9d445ca78113b2c0b18f4635af3fcc8dc2b9db3f4f462c45e1a6a55705848253239c82aa95f39627a08a59bf3c20b5a0c5a2dd360fa0ee41bc36b8dc91e001d526a82a57a7d08bc2d417b7d19a71a747f96df4dface807a4a3f9be642f0a67dff8fa82150605bc6f7afa2302bf4f704ee641290499021e453ab84a8815518d5497cd7c62be452468da7a14fd75e67b73b616580ab0df38007fe413f945be9973b9263fc957ae23a71d3df94dde13145ed3a6a01ce5230a94c9f2b2482d11f5432cf30caa8549362801a4d507b59902ec41de7ad4807069b9f381a142bb5e2d52637f3f17ea914b2b329c5a31e0c23da0ba8c623c7b8012cd67848080ee3142bad728d57d4604086b1ec06d94c13d0e54387c80c728d75d46955668d4e33a1fe117c1df6260a15e6c2c70141bafe3ba04781def97002b106615c26f403a36016fe25b5b811dba5f623b6a7fb6003676e39d84e23776ab3e63af84c7d88f74f3dc595e895df8a73775a7b161e4b49f5abf3c20ed1ce53cbd71b4c738826f37ab00e2264ea07f9b0e6f063c802b85e3c89b637a9171e49b71a3592fcefacda35ff144d19ffd4dab8c23335e13c7ad74d838aef925641a01a697cbfc0e210ee2b005fb99034cfb08f0608f8457e6d36eb55862bb36cb58e32832768e0e18eb7557d6738a568e99f3eb95e0ef4af06d1978b6d841de99bc7c1dfc235f17e19ebc5e0034e07bf5badba871b88d0af0b61c79538e6b0c60b909e9738c52c7dcac7954ac4ff92904d52884ffd9c85f96d39988c7f7acc798aae6ce07ce518e7294a31ce5284739ca518e7294a31ce5284739ca518e7294a31ce5284739ca518e7294a31ce5284739cad170a15714ffd85714e7d829b8127cb65e7d62727e8c389ccff8c7fa098491570bd6eb412926fd0dbe02a62f350c121fdd977d846f0d458ddff9e871343e131b4b588ffda811f990edfd40b40cfe07fb479bf89e883df7d1f2cc26f2c5bafd4834e59929633f2affa7203d84f53824b19cfed947e4f9179e5e557ceec94a9998a0548a894ab598a8d688091211314e2d11e3d5a818a7c4c48b8a474c2af0fdf6c5afcce8b1820e4ad347cdf8a947ad12b310cec9784738ff93f5aa1fcdd09d09bfc645137522a6d48b985a2dcab54a11855b15e2e0f2312ea4f03a8a844f2b9a67054341748eadd6dc4615c22d552a4471fe8c416d692b75576215fe6d1ee25ba47a8c657d0ad6122deca65d6ea3cad531a56211f2c37af5b1684d4128b15e098a46a55c6c56837f6739f7a3c6e7fc63573e5f626cc23f6e457a1a33b6afa110ae72e0bd1211eb69fcaf874545c1f43dd6eb01a96284f3d5e55a58acd022f8875a51e5f01aacd8acd729aad77cee8548e372fcef22c4bfe4dbd10f2b47cdfaaef57a409a3562d6d9a85a0ade54885ab55614e5cf1df4df48ce51d3b74d5566098f1217418499aecefa8d67b4e7dbd6eb7e3415699a82344d83ffe95ad0c826c814da9734a73111f14e003f5f1e6201c49782c62b1e29c02f2a21f1823acbf8b301d673bea8154f7f599bfe8b697a0cc21c1713f452f103ada8d57a9d462fa9d3b64f51c2a21082380d85af50a911a167eb45e43bb5db2d2f69344d7325025a95f0812173477b85f8a510fff8db5f895f7df0dfc43ffce75f8aa27f365b045091cc53e60b9fee15b3474c9fc07031a4b3462936b8c4ac01692a1a39f872b4b81648704faf0608e902d56534f4f9470a305751ad449ad7ab34acff6402bc4af32536a2a25985ca6f45dee08b17964180973f1b36d6203d8dc02ab5bf00afd04b8df510b235886b13fcac74f8c48267e64eb3bca4d192af7b3cf3348f5801c15da672bfe4282a40ff80021c573dee065452dc5baa0ae0ce8e25f9b3fede7add8faabe56da53a357886af0308c7f2b43655ae818fc70b8f0b7ca5ef5ea01f0ab42381d11f0ab52841c75a8c0a70f5a81bf8afc67f99b023e4e564a0d6a7fd6ab7e44017e519b2b057812f2655c4e80ad16588d891f8039e3b4b0914d75fe536546eb4464f644307f5a418d98f8b560da4664b3fe59e5775fd1031f4e47ebfd27ca78f18f7f27c4cb8eb968892bc57408dfc4679c2596d714fd953227e1456b540c3f7355bf10bf12e27ffee3afc42f7ff3dfc407bffa07b168ee72e1d1a2a2529987c210fc70ce8839ff8ae1624867991230c228b80d4853519605ec512d946840a15a88d631aa798cbe2a773d0ad042b64688e30de443fd2714e025aa27c10dc7b997f62a657001a6e6500bcd6125848787732d51d277f95886ca65392a269e8af1a663be58afa14240fed48d9efbdbbad1ce3fb1bc495afadd8a3fa97ddefbdbe55a8578ddc1cd06594955029eb44acaa64ab47635a8a8b87a6ca1d6206a11aef19b6f8892519e7f6b7949519163f69e62a55894206f627a955c831bc5bf391d830bcdb402df7f09a8f3846f74a9e463f0bbe00bd23e158dc3c491ee9f58ded2e8552de89e806f4c436535c9e141f91bbcb57e257fceb7ff122df024a46502cae04b43ac2cfb52d0ab28b09350737f1401660df80232703cfc4e468d9999817fa24cf9fb2910a8c9cf87c47ffedbff9f30c4df8b8b076f21b383620e183b7b6c993121bff00f2def925e5166249ca8e5590b7bd40631572f1133518b4f55e60a2f54b752089e4f2b15f17f1e87fb13159a7db2523560f8c1f84ab42a73f307171aaf1e4cd4a3f5ad87d07874579a005742802be15e8bc2bf085a433c43a03e2a41354f2c43415c86789629836b0352f547415d285b4baea5ee2fc08b21c04b212c15a37dc68eff75c94b150ee76f5668e85ae8737f69799354aa3bff07f74aae1aebf90d9f5fff7ac4a8464b598ff003097014025ca14225475ef8f34b92a1d1fe45212d8896b54cf8f2dc972c6f4ad108dfbc52479908e95131d75174c939eab5ce2078c005f4d31c03ff9b6ba4f7c66ca50495755484c687c46ffff13f4b6d6a52810bda5895083c3b4f4c70146db5bca7683ccadf78542ae3d43ab4aaf083fcfb012a9871c004a92a575aa8431941d9421a58fe26a2fcbd3cc416c15f0a9a8c0c640b3c8e99328400ffebbcb981972154ccd8c92804534606cf59af941747ccfa2f13502099c913f432f1a7ea78f1a7da8be22fb4c9e8db9443205113a35f3b6144f17fb082487a459d999805f71960d02c35624ccf737faf704cc9be22149800e2f2426d9fac16ceb2bca788835e453a5be01a518cbe5f5196ed620305c5896a5404d560be0ffdc3be8363955061ab500154e3fbafa3bf5fa97cb2c5e1f3356f82aa781d0a6bad3ab800c720c09505c506d7c42e449a6a508158af2451f58d6b3ea31e69ad7244a10ac7c6eefc93baef2e74c43f5c24fba0d37e467fb5f9affd6c9963a1081704ff0b9f393055a37b8d2af82957dc06bb1874ef4b41b47651086b397811b0f2cbaf159ea9443a02d0724abf13d836ed0f9caf06a0fec6b57a313d6fee59faf1a9de8417fcf642b8a6e43bfbfddb44c7b4d3d3d562f0308c3e6f447c4f7959bc58f0b2f8d7da0fc48bea343101f93a01793c6964e9af5ed6827f6c0593f432cadfcb08371e7937550fa2fccd19a2059e05153a22b5c05c1f18f4aad5071e8f0c99a4950ed807264d1a19f9f11430962af404ad4cfcb95698ea3b4d5003db26cb1a338edad38ff7c5c638dd6dbca47b8cbf2c081a131c41633cfac3ac3d6741a59a3db62455dbbfa44c4bccd1cbc53408e224a87e53acefff307fe6ee995a89988bc23645f38a1fe6b977cb007da808ad8817357e0015c07465d62f2ce77e14fb7af8676568f162a8483c05ae7fb09c258551a8e3287431b55ecc436511fd84bb3b444738e755a20b5086423e4f413ff00f3c51eb551a79f38b16a3d5870a5b2e5effe6820f7d792ed925b089025c818a899b2654801f1460ba87477a6a62c88f1a0843155aba85b8bee628fe6de0eb01a956b362a8d2fd4619fe23807cf40fc0479f1a7407f1af11c4ed539f5478be82c2778b2114251062af1a172ef0f7af463affc67aadb89460a2082d7b312aee4c017ec5316bce7454d8ac80a7437d9fe8087df88aea325ed17dc63887cf985210322683bf13c02796b1570a8a648563d34be897bf0c157b1cf8ff8a5292b501e1e8f30baad7b0075c73020c1a8f0c9c8c1a7092b2082d5d9d7851711a2fa87390f90108a1474c81e08d97194c218fa0469d255efc8399a55670e5078acb330dade544a83f93f54af167cad401474cbf9b376dfb384748cc74bc0e3fd3c58b23a679e8fe6f94e96dd3215c9311f724a52825c0a4bf549cdb66a175280273673982628aa3304d88e7e6f9fedca9f97ee3a11083a1c588679c325938c7787ef95779337e3e5d2f348aa19297a262f1e11f02df0c8ae2e7bd53ace0927c7ad81d42b832a4bf14ad97570f7de81ced327c9acb28414554a21519416deeaf2def5969a6fa57ff572d2aa8f9c847f61903aa577846cff94d282ffc33df98a27f88212fb919f922bd5e94a92522e608bd6e054d1105988350951016a8b068499f4c25153b9cdb2a20f80de8bf069ef5fc2630ba38d527a656e173f88d0aa896b335af410dc57a952297ee7217ab1eb9ab85b38f009366a9fe9fba21182ee4e55f28afbc6b394b9aad44137321c02ee4e3ff9fbdff80b2e33acf44d15aac39a52ee2980d02a464c8963debbe09ef5e8f655d9926090904080210d001408713d027873ea77344cea9419020726ce41c0e720e24403007055af29d993bb396efcc93ad32d77b634ed298b6589aa9f77db5abba4fa73a0d403409b1fed5dfaaea3a55b577edbdbffdff3bfdfb85a2d23ecf8d2ff27d52ae36a3026d32fe4412d6417ff9eed7a6bff05da50a9ab809561ecce3c77cb7ad9fa409a840cd8e515a6e52a1265c78cc58390a0ddc614c05c63a585d5f19f9b65451fe27d24ced29b95c7bdac29f493c9668ff87f4fc2f9ef2ccb8f0b45abae159abf3a8bf8c55aa7efc54914f7baaa80428dd6b5d1e54be2797aeff9e54fe8bb17285f68c5afaef780d618d7d4a2aff8fdf914ab471ea8cbf346fcc93096a99ff39b524f703af2f5721870f5a97fbc8a4e299cf7f5f9d74725af1f4bf29552b3f2bf556eb93950abdfac9f067938b7ef071a9b7eaf0f411d57f64ddde47a63f5a525eee9da695159501d3b50acf74ad1af1ab912a2d546841a9ccd15b447f0914cf5c5bfac8d49f952a937e19542bf5a01ad023c5417da652f2b7333da577ca47963459b70e2ab0124e54a9be5c8dea3b615d1a96f88a679c982197e4ca60d25a97fac80f1e9d5e3eada85c9beea9d0a616950d70703f5e9a7870aa32758ff56f8f4c53c3edd07eb9b14a79eed911653dfbf88e574ae68df74cfbc57879a6f64c51e95f3f35a2ac4f275bbe3c2d554d7c1aef18a796e5beaf96f5c4efdbf284f26fcbcf6bdf912769cf17f096427946a9e81e2b95e59e92a6108e7b0abbe28a2baeb8e28a2baeb8e28a2baeb8e28a2baeb8e28a2baeb8e28a2baeb8e28a2baeb8e28a2baeb8e28a2baeb8e28a2baeb8e28a2baeb8e28a2baeb8e28a2baeb8e28a2baeb8e28a2baeb8e28a2baeb8e28a2baeb8e28a2baeb8e28a2baeb8e28a2baeb8e28a2baeb8e28a2baeb8e28a2baeb8e28a9017a4d8c449523c37494a00e9dc0bc0737236f71d795aeedb9e898edeef9f91aaba9f96aa724fcb01f3391b7c4f3ef27fb37f17e709f33845cae25a2237419a911b2795755baf1f54ca94a4af4409e566cae91e94c90913338099788f0fd782408d8520be87a831910152b9101025249e272c886b09c48948e1d97cd8d713384fcbf15c508ae40252b8dd8adaa01250035d413580fb1379e0f3f9c89848d9efb7d0136e1e2aa599b9cae272c75d1ba62b95ede54a15be3995ab911af05dfce60cfecf98695389eb33013bdd78ceb4eb032983df886c6e1af2a707787e1ad22c1f221f517ef09efc7cb6d1bf3c3c289e97ea734f23ed9f91228e65e52b21e3a5f02910c8982cd519dc3c991b474de46663b8f66dcff38efbcf8c95c29ab923a1646f032930a91f7aaf379a98823008fbf729e6f69175e63eb1e3a4befbeff41716386e1c6ec387672bf18e6ac08f7707811a200c448098754ec4e55613517c5b1c48224c6ef695c03991c63b8806a00ed7eb911e832183701be53a73dfa5b412ecb34f727f0914f9b566bcab2f9a4cb4e03d84fd3f775024fa8797ce4306bfd7a87df739ee2f956a652e2ca5911675f8ee667c6b93b97f14d385e94330ad986e4415de5b897b79b4cf67e2fa74dc538ee74bf06c19f2b914e7f9e075a2371fed7c15f93c54797850702bd2293882c4eefe4863e59adc04736330b103ff7864e004642077137c4aaa724ca009528dc6bd5ac55eaebde03bf2d1fb9b9da159131311263199db4fa2c095282800b273983364ee965707c20a989b72c91913d030289c023540188898e7e93e884ab5206c2dc8cb9de7333866fb200364f1ee3ac47930d4236d5acc679305091cf30434ee41dc174dfd202a0d9bb0fdc3cb58a8459cd2789e1baf3911b84a9d998b236e2689657e2f888c0ac74c1b3b8dac34b3518d7b6d54490990380512d71a33105e295082677824a65ae0ce96849d8fbdf96a57da8397870707c3ae379e97122e819f9343b989662630e16d92f1d8687c5b2e2948606eca6c67542f78adc9ac0826a0404c91dafb60327e9b8c023215850c6699311505a81c05602aee7f411ab8076dbe54420353b3103516828833c91a03e2088f9a4668df261095da8764ae43416e065acd6d404906415492b619c4e066e1d48224539b897adc4b34e19e16bcaf095aa80168c33d9df8ce663e8fe68315b54185046ec5bd7d41addb082d5e6f6af2d90883e0bec0449d9c04713346a31926b43dc0633d500bc4e4be1b95f797a0eacbd14a4820ac38f2961a386aa603b57013fe6fc4ffd4c4f5167a35b3d0cedc15921aba05246e31494c4c479c88327c3f518afb08db9a9a823009b1db600baeb59a988c7711b6861e48c8967ee8ff7b5b1f8c338f1dc6d8020ae62b21cf41030f24b04061024741e056ebb95e884d98c57ec284d0eebd98646634f705668dde68d6e62c1825b83669380406e1f3b52c492c080a331940bb16c7144cdc34c89906392dc8292001723401b6c6cb02dc77376312b205efe90f61de92b0c2046e03864be00c08dc81fbf32148dc68b4031d488b669098601c08116e03de4f30ec26736b521e33322a25127888bd9c2935d0c075f8fe0cbe2b83f4a7e99d02d87420d0d6376a80202a0a1f50838a341f4168e0209e171a39639ad4f99889781033107fa204f74e332b631b191353f03cc1ed69f3915fc60452fdd0ff773ed30bb125691644762e9f5f09199ac0f505098cf6b33659ee00e9fab651262073a79a24a5c69d8f73fedf844c6d36311585b0046d516eec2dda53ace1334695dc363c02e3de1a809a95a0491c43c11224a6866901795b50685b50785b40506ad41690a605c46832351ab55b23beb11161b7209eb6866d91e682589d26da50cb9be7728b315b693149db8102d98970e69acfa68745e0390883988db812ed386fc73b16caedc602844ded4b2277227c82bfcd467ce6c8d4d45993f01d008f75d0da85081c81066e421a37e2bd8d487fa601d32285ff13400390c1ff0984c10a2f8277069186354c4f9cf328ac1cd156f6214f896a844f54e0da0c1c6df4d7c8d3704eb06f8598866f24a6221f08bb8cf5b6950526e059a2ffefec97e98b1668746a6297c09f0b81c721914bbcdcb1df0f4490293113e3a5a889694ad22825899139a5282ce5089b9b485783c025b2f3ceeb3e103884fb23003ba2eccea838da7a198499f2c6a159c2d03061689a08cccd889155e346bd520b8236800434896992365a1a8e9b66771acd6ad4c82801b46963469bb7d644939210e7886f1377c6479accc7f373f1dc02a005e9d6243bb781eb3c2110388d67d378aed6020999323abc69a3d51b335a9428de13363ad59489d6c7a3c66c6fc698a73481d04d16a1114f802637099c712070b03890eb189dc17d55e6f7c7ccb408235d6a4cd4aa6923897092083f01d4a849238af0aae4905189df2ba5202ca210f225026246011e23c8abb089a9f86d32eee19128579187c0643966a2548565058cc76fc404b30c44701e36f18c8567718d180f8b8a98a8d45940790426e11d8361a279e42efd652e811fc4841e6fb6819b415abba6b46a5464c6f78b7c1bc74a3eff0b6a0888fa616e9b78410afa27cbd18d6508b31cb5fd74106f060a6615c2f7a3562d44e09092ca25508845ef712dc84bed8b0209b32fa454bf175282fea01af4f31895a326124aa53fe9f1672372e9af69badaa0294c52d44a815f67f17bda5be94fcb95fe04c02391557cfe0639b0712e08d78e4a6621be772e9e5984f3f9a8849a917e56d40695364f545b886fcb07c9bf00cf3715d56c4ccb3e7f9b37ea6f9643086f06e25a06ccf037e0b7b9722d884bf2675171508bd3bcae85160e3a1278da3f99f06c549a86ef28c3f7fb80903fe10df943380609a4cf0c845566a112dfe8437af970ddc60c199042f83dda8369f89f285342fe29d6f9143cf7828529b8877801bf4fc06fbd40def39a757d1c3016d704782ef034e266636c0f8283c0671ec729d3cbad4ffeea8a1381ff589ae648a6e7a58845e0be1a78020afb38649675db0061c6b32d3503449c090257e1dc070468561724703cc7e11bf616b347961d51295418b5f886a083360c4b53c744e5525d90b71e64ac073904eae51a4742cc9512feb9521ca674da588ce7e7c9596329c25d00ed5898c0116d11eecdc76284b918c74e253a641a358044b3d15e9f0b022f302b8c3af3d80a123798040e0f195f57be42e264420f87c093d03e9c8482d5170983b5b075db0099861a743a0a267b36ab0192b706e1b17d55223b9b4511399eb3c9db3becc2b1d3ac1155424313f8d1a963124aa9ceb625dba03487e7e13ba90db30a093c342148e085a894e640232ec5f3d4a2cb11676ac4d602046e916b40e08ca9b1495a82cf2e459a773aa4510334da7c541824ed42608975a429dde812d8155b1e8cc0518bc0ec59eec554682b9a54d66d0384049e2127d1d662e7490334273ba304910b1138a124721c13e5f8a8e884626f709bd9964da84313380302279569fa4210700ec29c87e302938c8d464605211e1d9a100b94849f845b00cdbb0216c76284b50ae1ce439c3b958823815bd106a6b62696e3196235ce97152070339a1e8b11de1233bc7adc4fadcd3039f4e412d8154b0627308f59e3db524541024f95d9ab28883b1928c1b3a54aca182bcd18b27096a1fd428d2bc61dd9db590b02c304c6b50a79ba639869399a6b4038ec3db68775b230c59b4860070d4c02d717fb74d1112588bb10dfba0468a2067620f06210783934f0322563748150ab10fe6a13306d0b7462cd2f8a68bc8fe842d80409cce7e73a11d81bf42f5068b2d781bcac3078146de8396a486f7709ec0a657002f39c04ae7624d30b20f03473e8278fbc4035da8613a44a0702fbfc2168176adf1a80bdca1c0622812b0b10382b4573626245efb82c87753a41b0b452352499da1fad1cd3eeadd657209e0bf1ec2260a9855610b8dd81c0cbd0565d89f72f87a5f02288ff22c25b83f7acc5b38b0b98d0f38b425a17e24bbc88fb8935c04b78c76287363009bc1856ca1284b312f7b202a0d65f2cd71b73d5b0637c5df90ac9d004ae2d4860b681a7caad3099d17605ca81e9c00429688c931d08acf8fca5921f84e5cca906737201e72227f1ae6ac999c00d7222c79e63a20dcf109cf8d0a4248dece8a1cdd90c08dc36daaf2f90480aa1d5d81625398643e05520f04a10f82510780dc27c11151009bcd441eb5356ca49ed45de9f076ae017f1ed8be5a109dca606fdcbd106a6c65e8330196e17d26a85dc642cf0c6f4452e815da13c8806b6099c4f5e0eec4f95e3c6644f7863254cc44a98cb023c0770ad420e6c8c41937046107b94895a20036d1e929dc36c068139a9211fad7857270a7be7b71ade63db916853d3fe366fc2dfe90d9968f5f8b373e4c0af174869b463057185593b3c02af0681bb40e0972d025303bf84b42a44e045dea8f632e2980f5b03f3bdd66d0384715e856f7a09f752eb8b701b5089a0ed3e0c022f506affc55ca4c15c6fdabf404d98989b07337d2c34a089d080b810599c67f17b16e76955208b7b6ca481287e3381fb4240d5c8c8742bd82165faa3c1f232544a9578aeccc2349405131ca2b287a02c4cc0ef43611cca11314909bac34843119893d29f2a40e01210782648c7f9cc62369598a54354a15d5a056dc7e9789cae470441d8100a65484e40f3729e2e352f1715648d3a14e826b9dd88151846120416bdb19c1041b0438ac32c4b11e662f6dce2b800645bacd04ccd184be45a63b922cc58618a664dd86dd2856acc91c02be5847f1deea3c6dd28b518eb9046eb10c67a34155628d182045e8fb0f2b101f17d09f15b067258b70d904e54422b106f12f865b4bb5f02d622ec35c012b4819d08dcaa5477ac50eafecb12a5de58a23499dfbf18e12d22f0fd0b91e6735021b1579d980d6b82e8c4ef0487aa9a716cc1b52613ec38ab37b23817a843655b67a4719ec07d09e4674caa996f053fa8941505343fac876a843713ef9f81e7ca705e0a94214d4af12e2e8ce0a21636c9d8af320110d36ffb4ec51c8f72c52997933c01c7b2f29590a108cc297085091cd22a4160cea49a0e705888cbd12a001f0a6900ef22ecb9cb6ceb72658c206e069a37630e070902674c02670b644a9b1ccf7162c35cc01e625908222d42788bf11deced5d8630692253d3ae40c15885c247e252f3d96dd07c2c529c351a09bc11efa7f6dc0202bd8277111b10ceea02bdd06b3d216d03e2958f4d78ee255434cb4052ebb6014202af46dcd7e2dbd6012f033c7f115801027739c4b743f1e536c8cdc632906c258e4c07f67e8b7469328fecd1663f00fb03e65b9887fb088e8dd3b2e15839c7ccd9e7c04ec306fc568f778a051f5c72295648b1f24d145895552dc7354ed46179b0cbc8743c4794019c073f0d104b5bc57c0296c509e691e5b217623e359b6a5197c0431198895998c0018d5a970b113897b912b097f8891e66d149652e5f4318eca822f2c96b2fdb6321691d0681e74003b3b0b1e0b110b21779310a25c767ed36ed725c5b81df56e09decb412ed489aadc284eddfa9b44089e88b1c7a75bb94b47f13ee5b8767b621ac8d78e7066023aead46fa59b70d2aeba584b609f7e6630bdeb30e5a64254c4aebb601b20026f41a68276afe0dc07ac036c10b1178ae1ac8ad81265b0eb2ad82e616e9c0f46804791b914624b2e8815f0c90c8f960fab2b79e968edddfd08277308f4407628349628ec133ff48e6e110986bb7b9d289b3ee387576268eacf4c5da6331979acd312e1514e5b12eaf4cf612d925709e0c4de0866111b8426e4006d482bcb5d0ba19d4b0ec5de6a27ab1809c0be96b703d8efb12c810220db0e6b6339f058193f6dba476d4f0ce049e0b02e7f722b3202e8756e4f8ec6a9cb3a36715c2ec3241b20acd6b93f715eb5cfcdf6062be1c7624f05ab4bbb6421b6e042976e0bd9bf1ad9b80ad78c78b050aee4bd0c05bf16df9d88ef4d800b3b31081d7424b6f40fc37e2990d002b106238045e8bb8ae0481d7205d443a34227d9a4c4277e1c8f35e128bcad00687d83846cef1f24e80da98d34eed5e7f2ea714aba584f3012e9c48a8ce1599df93ecd1c0420bdb2b9b7864196a30fb51c4f2c43a686196479ad23c0e4ee049ee7a609bc05cc2d54b5ecea662223e2df91c13a85cf26b15d26c64006754d51b01646440e65adc1690b60e26733d08db6c695dce5f161e253877398bf619570165a0651a80397866369eadf338b78149e0793089172a0d665bd76cfb22fce580d939457319958500cf4132bc9f78192424d6a22d4ed08c251678e38e26f45a25e1df89b0b6a140ed42c1df8a02b419dfb00de9d5350c02efc473c42ec491d88e74d885e7d739117854c8ff92827010ee563cbb05d888efdbc830d5600102fb721b4d13ba1d840759f1edc44a7cf34ac49d69c4b45a85345a012cc1ffc4529c131c273781fc2484d64d81b86993c884586629c6dfe742b3a61c26d150aa3d612d86b21046fced554eb629cd36f14c1c49609ad253904704cbe5783962119a6bccb962a9572b4f91322e819f93831681ed5a6ef8042e297a41f3a180f9502882784e4ccac81a3e2581766f1244a5d66d34c9cb154324af68333580b85c52478dcb553f19630e0adb6ca5c9483f5680c09ed8da15789e5ad6d6b8eb704eacc5bba959cd4ea63cb0fd4a6c46011268324132102092bee889a1e742af0381bb71df76bcbf1bcf938c2433b5f18b8ab3e6d90802efc673c42e3c436c055976830c3be5a1dbc024f0cb2030c3dc666afb2ce25c0fcd8f30d51a47022f5267e676abacb41a40fc444f3ab0d38d601a31ad6c0b846d6b82bddc04b5733ea8b51720fcd9720b08cba596fd482cb71a09af735f0009cc26159725f2c866162b7dcec6a3493d1ddf486dcce658398e6c17b36fa514d745e7964d606a6597c03d223470da4c1c019297eb398741607552d724b92c37135ac846196aff726f201751e37fc555435c4c6efb9ea22b9a4614868034fdaf42de602eaa4472216f652ea856e2fe008e3372c19125051d95b5aac1136d6a30d701b3ad1398837089f9d0020b06c15235915bacc64d2c52423d58aa4681506ede28672771ebe4a87f17e2bf13d883f8938cd4c8dd28546b0b0c236d8599b70f44cac70ea4c9be02045e5c1cf2af0781bb111649cfb0a9f1d9065feb7536a1177aa7f916784b72f3bdf84ea4f3027ce75ca4b50d98e7665acd451a7622ddf2d101b45a6846e56e82e7b8372995fd15fb1ac4d2467b0c3e6bcc553a8cba4782ef4561514415ae02e3aaa7600fe24535b3aaa5c027acd0e92585961927ed70ea2c1540a91a796f1adeffbc52999b2057e67e804af179d9979b2407723f7824fc5e9942c700f4ead16c4c44fa894533f4f0e1127850024f46e27272c6d33091addbee59426a04199e34dbb9b548f02c408f125c485f3f3ae158e8bf6c82f6aa7f1fe2de6d12af0524161a750faead2f40e02d45216d1feecdc72ebce700d27cb734348197a10dbc45c9e2be7a844bcd5d076d4c2ba030813f2f694045bb04d61a87edf27baa1729cd38268c7a6fd6e88075d1acd4190d4016965506884951585d4da8c49b4cab8cf3de392261fbe59aa10c3d9c5686caa054891a534174e170914b560581a7ba6d60499a2087729361c6d264a6e94cef94ec052c41228df594de77024550d3d7a3e0d5c2546647157b2db9809e9d1ff508d3baeda1906d2844bbd1563e88b8ef0776e3bbf6a300ee010a11786b5144e3bdf9d80b2d5288c02ba181b7986166cc8a82d88d42db0dac2bd089f57949c65b935b8a78736d3287f1b8b0a21347e1a98479cb955ef4b4c9bce6c8823ddcd48ce653332c31baf521a1e90a89231419a3868b5a1ce6844f93a2fe523961fa4d135a58f8df12abde622e8149e049c894c9663b43b47dd9033d1d093556be7f024715ce591604ce272f7b309b24e78e9f2f9bec8459b847891b8711f7fd489f7d28b487f06dd48e9b0b1238a41dc47df9a0197d88047630a1f309bc0fe1127bf12cf10a08bcf10b20f01c3457b80863214087045c173d07e5c6eeadb6c78d99c73681ede1260e1572d8901377388987ae8fe80229644ef2f13912b84c4e41a170959b70a0c77162cebd9fe40e2349d2f3d09442037341429d9948e5a8e966a2c61cf700044e80c0cd782717dcdbe4edc07b89878dc0bb41e07d4acc388e6f388cf4c927f0563415acdb06955ddea87604f7e5e3a0dc681cc5f3fb1c4c4712783bdac0e6fd089761b1f220d6abe12f8cc01c3f176b934964e129247fdc98ed62e6311df6094d2c484c4dcce614499cc66f1c9d88e29928c81974587a3a434af867a27cd2f512c78885af359ad12cb36997c0f91a5898ce8dd0be9c0ed96c4c2a721e077612129899c9993bb6e6e5627ae26123f03e14b0fd4a0404ae0381d326898e0087f02d5b55e7a99407e45a1058dc6f83cf1d43813c5880c0dbd07e3c8cfb59691cc2f120d293d8a046be1002cfc5b772e20b677591c4f42e22dc048971e3b900dbc5cc6392b877bcb8571393c41c8d48429326708dbecce8fec80a628090c0152030dd0e8b891e2430ddd372b6a04b6068e0506e6a1f02d35da8701bfabcf70108acc6a18139d6db04b38ab5b2705fc39abab3f8e16a0393c03b259fa9394f924830818f22cda81db71520f01e6f423b8cc2471cc5b304c9784c8ac1941ebae0ae1d15f5ef55604223ac2328f0044d7862931a0481871ef6fabc8404e6a20a4e0ce18cb765f826b1dcb1d5582db59bd330974b496bf2472f669b6801915badf630b530472732203109ecd0892585fc65482b31dbaf016845138f04ae37a6c97197c0d3e4488eb59b39786e26902030311c02573e3a750cbd43708139c185f1447c44ec32772f6843c540f2b29d446f8ef381ce276397174999319cfd447499c0fff7a05536e2991ee0b9768771dc7ce97e3433a61b611dc573dd1660cef641cf75bcb71bd8eb09654f4b2990a9d93881f81fb2087c4c2e4ce0037252a3b6cdc711bce3981c83061eba0dbc011a783fdbc0665834b949e07a131bd540410233dee2db7abfd31999def434cfedff3366de7421ddda8afc9757a352e1cc36ce2d2781094ea4494b333f8d17556a89a2995a8354a9b54b11ad4e9aa9d502314fb5d6a2d69ada98cef3ed36b1d86902ed604f245b89f8f622d3735e2645b2d391f6c2b93ccb670bb431b775a973094c2991a339d66ea53075cb90b8b6d3ee6a24542113daa796fd3cae26f52639aa374b51bd156803526a8ddeaca4cc257e1c5e10c4155e30b8e8603dcfe5b8be0af72e9663fa2a39a1af9152fa5a35a52f517d3fb75e3fa8ac1991fef67639f3df362b717d0bdeb115d888f3d5dea0def18d198ee3b9ebbdbe9fef556bf58378863820091c46f8f9d88f3811079584896e35fceb332840c7902e47d97e353571ad710adfd50d4bc37afda0721885ec04c89e0f3e7f5c8e1724f021988eac2c8ea1b0e6638bb7c691c07b9459be3d4a503f807c392c07f4fd12be270fddf8766227ce0592fa76600bd26223b0594e9ae039b14a4ee9cbbcb5fa52e4a7585021e69693c4d4c42faacdc65c3574da0a7e504917d568b4c4e802c96e13d703597c5f5caefd7510cd826a941b9f12d3ab955a7d3a8e554a580fc8f15f73f207a75e8a7d9b8492e1e219945d97c0255228c749e55c0ec89ee74aa00af081c053bdce13392272b5d621751a71a5c548ca2d460aa805682a93b4b643738e1b8a15434d06171e742830ad9426d3f45a28b71a4b812e69b6b14a6d333abdce1b5681e4a736208ccdc016602be2c90e1e4e76e8fcfa0c4732edf204b423086b0fe243ec834625f6f70349431c06d188d378ff31dc7f12382a37a12ddc08f2d61a397ce370087c0a1a241fc321f06610f828084c6d7d02df960f41e0a1ad95836ac27f504e193bf12d7be5a4b11befc8c74ee401c19964c476a90de9d886f46c3736ca6dc63aa411c1258c0467ab6d425e6dc23d2f23bd39938b24a663022ecb5c83b49aa33af76b648bc2da6c3c9fc57bf33bb648e25abc935bdb887631a7de361bdc1a278aebdc0e86d32e855379e17e9833b66620fd4ba1e5add77f75651a08cc5a8dddf45cdac5731f128953224b0a98d071c9afb52191b9d48cb0ddb58a2d44c42e04f4fc687b7f144bfeb82226834ce71239e169e225fccf45065c20b0b8c05ce84d4a34c76988c45e0bbb91c99c20f1720173762bde4db2b307381f27f02c7112bf11c7fbe134e2c8e3292007529c4278393c2734b073987b8b625a0e71244ee3fb88b328a027a0cd767b8726f0bae2a87f1fcc55867302edca6378fe04aca4e3c0f60204dea706fd07d06e3ccc7441257018611207517910fd279670820a279788699bd0f0786633b01171245e01d6e1b97532f20dc7b588cf8b88cf1adc4b4dcce99d8b0a4c29ed80b6e40e142d803d87da5e9e4850137367484ef6e0ee1021fccf85312c8b62670831775aeca628764f2c2bb076fc2b212552c424b0d0c06285480009c55dfca6789c1dbb67a55a68606e5b2232847eaa4862bbc3aa57f30ab7a8f4ac2896b5b1f6e6bc5bfa97a2a7099861b8b6097158586039e156390102732e712f38a5913dc31b0a4c10d90902b3e3a9bf49da9fc0a710a77c50d3e6c326309f294ce0a8460d9e8f0b78be20814791c0247bad71c6247e16e1b142693009cc36ae75eb00a1663f2027f06db02810cf03f806829350888388773ef6e1bd1c5fe66c2f31659433be1aa095ebcdf9d75b105f6a612e69e4f2c697718fd0c2cc3bce2daf37ba0a38f743530a65450c2f8931e3de1e6a41e806b3775af45073410ccb20e7d60b9fe19c3b2d3431b77a61396d72094c290381699ad0c93adbc24c1c4e360fa1069e5ec0bd4d9d276d6a606ecc2536e4eaed6dce379be94d916d257a56640fa6edd5916e655818c43ad7061484acb1a8008137cbe91c35c65e68709a832c70bb619272786567b1b339db0d029f41813b897b09db243d0e82103c3f856f3987381367f10d44ce2451b60739f3b78c49e6bdaaf3b4d023521c6136e0b9861e029fc73b8e418bed7658d0bf6e54c8bf5749208c9879ff79c4e30cc265fc7778438e043ea244fd4750419c42e54a73fd109e216c021fc1fbf2c1a12af68c737c9bd8c3efc2fdb46c48e6ad087b33404d4b128bf5c95c08412b8a0e0e92c66ac5e7980ed4c0731097d9d0aef3f06ee19f5b0c2f72be002b7fb68fcd852e388a3d9bc5fa716e912a16cad82b99a8895d029b522e45734c106e6fc2a55d229104810b696012b8dd348b6ccd2bc67a39b84fef8962170242f45472c91fbd63087f52f42f45d33963d6ea2c105c71b3d453e318e67625766a2f32740f4c3982e7bbf1ce8320d90e6f81f628da61175078680af7014cc37c9c419c88b3721684ab05991b40d87af328ce4970ded360ec2b40e0fd4501ed2cd292388ff711175959a08d5a98c031841f05e2c66912123881f8edf4861d09bc7b54a5356e0dcdaba4d09ecf98601a119cc6990f567e629a671d885b67ec4125d68d78eec037eec0910b3776005c07bd0169cea5946cee30ef5e411aac47bc56ab437b04a5747a4860ae6862c7662dca4b1ae546b8ee69c2ff9c76cbe125bb679a7ed238e592532fb993620dd22f9fc4dcdcbdbcc0daf1af8490c05ccf4b0f09c29306ddbc3621c1a0910bcc85ae8759c4715d2e2d237939904fcdcb0eacd6e2d827f3e488b61035ef7c4f525b64220d24b4c545b18f5f46a6718daea8c985878b9da8cd0b1178af27fea7bbe5d85f6fc7bb77e3ddbb3c316d535142eb9633ff618f9c78c1ba6d5039ec09c39ca5092c886b9bc41710ffe39eda8f8f207e47e48476d813d70ee1fd073d11ed9037ad1d1a91fa846dd82b26899b4d6d7805ff5fc473070a98d0c795705bae28f18be37817715a8e69c76156ef1c19008676caf6ca3f0d8d5ff787a15f1c90c3884f483b8c670e83040711b7bddeb0634ffdce9115e5dd232bb5dddeb8b6a308df816fda83e76c7403bb2cf0bc5bc63bd11cda853cea9693da0ea4e95684b519d88adfb7e3fad6a2a4b6518a6aeb91e62f214e2690976b81659e6aad6b44b5e32ab23625fc513be2d18a77b6e0d8887468c4b375f83f8b30d2f83f8963048821bc287eab415801fc2e10d74cb73c78b65aaed52ae48c56a1d47c64bdfeab2be5b220701508246a386ed3d9040d9c31aa0a10b801893c0fcf717d68fe6e07f3a5b0d13a223ecbba6d80ac9612df7a514aea6b50236f90da813ab346df25b719ab0a10f841e470518d46f3d726ae8d2dde98bea328f12debb601724a8acfba24371b57612a9e0389cf035741e0cb88f761c5792aa52bae7cae320304e626ce3679d97120baf0d11e2e72f6d1dc0c0d4caf18d4c2f40e698ff32e8049dbe0e0719113035e96333abd3c726882fea6689eedc67917cc5cebb6dfb890c067e55698c07526ec36ed7135aa773fe1d0a6c4b79c84297a8ded517cef0590fe1ae2eb12d8952f5c2ae5784e1057f4fad93bddb3fde1f71420304cce8566a784d0bcf638ef42a5d6a06f66ebb60162cdf4d1d78104ecc1646f27ddd4ec05815f84996bddf61b1712f8344ce0fe6dda9d8f83c00e6dca534ada7f4ea9336e228e675001d804be8ae3e10226b42bae7cae52090d1c0409833067b9c83a0c0dc39d12b86567a00081d9b3b8048415c4e5f82ebd41361acb95a4d1e9e0ef89045e27c5f54d08633b08454f13db4188fd385f5b601cf841642fde4d939926f045e012ced98eddab380fcb9c5212fe0b721a046e304e237dd8097503df790d66f49102cedc5c71e573954a39940b81c0351681e9b799044ed3842eb0c13709bc1ca4b3094cb7ae1ce35da6648c36470d1c1eb35e4ae89b41e05d528b39e6b813a43880f3973e47021f308791485af6046741609ac35cd617702630bee59c9a366ee11bcf23ce9791563711d7eb9c60516006922bae7cae4202db7e9b495c8ebb25e546d3f37ea4c87977c28ea280b612045e0c2c05485efa1c5e0173b3108137c9099dae5abb4104fa88a2db98c3729bb101efb46efb8d0b097c09e15d33b56f9dd99e25761617d0c0dea8ff949a04699b8c2b88f3153c4302df9053d0c00197c0ae7c711250a2b91a902704028b1d13864fe04e908d1e0b072330f7f6b16e1b2034a1b74a297d3bc8b01b44a09b18baa7392ab51a1bd14eb56efb8dcbd1a2b076d9d49cf5660714c97b06d8a7c4f4034ebdd04535b3ce4a31e35510f87a1e816fc2ac7609ecca172a41b9261793b93f6fda48817c691452aed56c941b0a1278be14d5ba50903959831335b83a85580b33736e210d8c3630270aec0369f7ca2431e7eb36191b3cce0b28f679125d1cd73c2c27b523c051806399fb1f0b68fb8b838e63912741e02ba82cae20ac4b0089485c86c97f414e7e7cae28ad9d253cb5da194f5a3b83779f956bb5b34ae2932b88eb757c237103e9f41a8e37f1adc7bcced3374f2bf18fce79125a3e2e20febd480fc059396ee28c1cb390ec059eef8fd39ea8760a38ee09697bbdd5dae1dfa976dcf46bbb37f8f3e37216691845fa65b4bd48174ef9dc8db85ab70c2a1b8b82dd1b5169ef42beef04b6236e5b3c49ed454fa5b6d653d965dd36a82c57c21fad44584bf05d4b3c316d11c25e2847b4f9c00229a2cdc3bb66233d884e29642e476cc53d2db8bf05df5d876316a8c57d611cc372f017c1472adaacd77f752528077349108e0babe9789de4a50749ce6fae919cdbc0dcfb762d08289caa8b95295ca1c249ef2b1d56da0802c74c02ef0769c5eaa05a68e0c6c20456123990d69c8ac849fe27d90e4578d49087bdceedd1ab7258bb263743fba21d0b5c057989eba8c0aee11d17f1aef3c0459c5fc0b54bd0b684792f700b69f31ac0ceac3b882f097cca5b602a6551049506b4761eae0d407d5fc802763c19977c5c84e6cfc705c4f7bc9234ce70e69612350e7a87f631c5a6c22e35a0736ef551296a9cc291e978448e187b402cebb64165ab12cced41587489cb4524dd520a16542d2ae0acb156a9744c872e90700dbe69999c403949c352ab3596e1797ab9a4a3bc45f89f73e6174071cc96120697a176e01abdba70aa2e676a71ffac0cc2e7c6001c2509c8ce0ae62b2121b4811348c41412cb26afe9021609192ad089b508352109cce9919ce3cc0509c47008bc1d1a783732e71008cc297c0750308f21dc8d0532e5a49cce7129df69166c3c4770488833a38e15f04f45025f87b6b735a98d5b78575ff05a1626739d091295c7d7803b003bb3864be093d08c774cc2f7e255c497780de7024d7d7007564d3eec78f4c68761d7f6c4976df31bb87e0de75740e8530e63f024f02135ac5f43be9d45be5fc4b3ecc8bb00c29cf6641dd37e871cc81d0299b8a0e228c0a58ec24b48bdb1bec05c6858651a9dcb735fe457907e5c89261643d0c3471314403308dd0a12d3893c777b103ed4b8f8815bb8d01db17006d064d40229fc1f72e742734d6f4d2e898c4ca34008cddb74cf042679edfd87cc9d114860078f8bf4feb04b4ae86cf7d26c3e804c3d8c02c4e5799b3d0508ac644060ce51e6a2034e83e4986ea369121f2e40e02b72c824f00d3c9f0f6116678ddb88fbebc06dbc8fe8259820ee5d0bf74ee02ceeef854dbc57712ed097a0fd09df1b0f81dee77a9fbf892387b5aec03a61afb915fc00a19791836a0c046e47fab129d166568217f1ec99028ed2bb61ad318fb8b4f10840ff609c4b4d326f2bb012ec1529ab6d445eaf475862351357a07139a2bd219dd8a86ea18934482c96a30a477962b18cbd04916466198d7c8e73061e1a11044e9a04a69b9346994ee79a8c161038ea29774ca005deb0b65aa687066ecf21b6e9602dcb8dbbba1cfc3dd185cb2e6860ba583dca1533c810aecbcda1f6dd82f69475dba042027345cf393cc339c9178193308bb9f060afd7795205db8957e439200fb5572d0a3e49443499b035a04de03b38275e47a121715f074988dbb8f686d461fc10f13856c06c1f4c03dfc173f9e0fb099be0f6ff225cde23e2d10ba1997bb5769bf50d599c83880e63f024302a3a10b80569d706cb85e948d3bd0de67abd63dad381df3954d8242c7108e17121c4619481f505fa025e41db9eab99b8511bcb08cb0a2bfdb5286f6c7a71bb9c35f8061297b3fba885394d7736caa67022df6a6ae316e41b572d35e2de5881956b5f0989a2e64ccb29831b37d7212149e066244eeb3008fc921cd05621f33825924b02c5aa226e824d023bb4c340e0dd203097b01d0169e9ed82cede72c8a4cdb2732ff449259aa33b9bd3882f497b0e716687d2555c5b3fc6b947f8b0b74abb050d4cf391b8012d44dcc4b712b7f0ed023c87a6c339f11a0a14f12ac2236ee0fc16e2fd160a5821021f1e59a5d9efe905dfdd8bfeefcfffffb60273bbdff337d06421ae23cd04d82c106df91bd0c0971c084c13faa0b746277169b950f39e47da5dc4f79cf5d439a6fdba9135393a23e8ef648f6ba8d7173b9bd0eb8b92790416e5851a782dbe9f64e6666b24363b4357225d97028b1037ae68331d21a282114ee30581a964120fb073c86f8d44a5602e837653d64c18ee75c35aaec95ca719970b13b84b694106886d2fc5eef359830ec9874360b69d8ea2f0d9043e2b770c83c0a1ee235e2ed18b681724019eafff5dbff6ca18bf632ff4216fe547471ef36bd7e498891b9e84899b9eb8896b7214263680771237709e0f5ebb8de7083e972baad68e8da8720cf3f0c8caa5e78b0203de938ffed7f3efbd9977de73cd13835617f115df1237e37d1bcf5e2a0afcf50dcfac3fb2821f544eaa819f5f90a248bba8760e69770544b820c5b4d38f841d7ba1177cbdfce02a75a6be5d0ef6c11ab95c5ffc78d941ebb64105c4ed21307759dc007049e93a5454f395e8af1b1f0fe86d6aa55eef0de8b3159fde8c706a95997a8737f9eb79a898ecf6702b9ee3e2ff16949ba4e46a602901027387c04624a6b9c9b699504d48b00623394c02734ef37a80bbcf6f04864be0fe1a9804deee71fd1c7d99a5eb89ca31dd8f02c84382cef5ba86e1e276a39cd5b620af37219fb9c9f946921765e56568d9a59e48368377b4f78379cd13cfce835521361b278185533c97c09624a49a5c832cc84b1727f49240af1a5c595488c0eba4b0f6a2d2894ce04ef282c0f4aab15da2ff24e736f041b9563f8270e9f6a5c7f7144cc61d9efbf745edca97573616d56a3bd07ce13ec75b50c668a9bd8cf62df7695eec3062d1a944fdf39424cce866632e48dc8a23ad432253c063cc5742a2722f81d9db671398cb029305dac0afc821ed4579768f06a64fab2d7887b979b583b7fda352268fc07418471733d4c06997c0bfa5b2051a7807c847a779db60e1d18cb609bcc0a1acb44111cce53d52abd9a9c57630c9cb72ea1218925022268139584e02779ae6b32070da33d3318136a2ddf492dcd9435e660e3d1bee812675d2c082c019fd28ee3b8ef04ca7727283710ea6bc4be0df4ed922d56ac29d2d9de635992bd0d6c3527b19585c80c0f3955a58846d26813badde6897c0960c46607a0de4bade4204a6db9597a5ce3ee43537c17e0002777f8e8b195cf9e264bb94d17621af85e7cb2673051afd6b91c4cb1c08dc09f37a280237486e7f8949e00eb9c94c9039489845528bb11ce7cb719e1d15724ca0d572e0afe910fc15b9d1588f776c53da8cad68e7d009da32c5693a5f66cc0e39a273d8e818c2db2773d7be76e380526fecf43a87e9cac329db3d096d2fca14bd5eb29267654f270e9b81950e95fd5c39e49f2787a150da50366946b399c7e65ec6a897dcb222c546941d6cf006f53ad5a737a97ebd450dea7395903edf1bd653a3cafed2ba6d50e9fa27b39eea926afedb4e25a877cb4440df0dbc3c3aa82f797286cfba6d50d9e42dfffb6e35a06f512bf4634a8d7e464ee8396f4cdff75899a3c336571e4ed9ee8969fb4060cebae32e1a3b816d169c08bc00045e22c7cc156f8b51c9735b53312e9c35ea0bcc9bffca08bbeb7bbbf1c3020e3ea2fa0b2707744b1c5ae01043784cd7309fe51004c16109ce103a8aa3f5d390b2470db49f9423b9535224775a8e9ab8e20de50e7f3d90dbf97b95edd66d83cae1e2e9dd17bc35b90b6a024899b8a8a67317bca9dc659c9fc3bb7aa044cd6b5780eb8a05dc7b1dcf9ef6267267bd99dc296f30b7bfd839cc937f10ef3ef987f1dc4525def3aedb4adac46b38cf877dfdb679de8bd794440f6e01767c2e229e26a460eeb2e4cb5d976b72678b6b72a77e27fcac15fc00d9f3f5ca670f8eae44fc83b9536a3477560de5cee19bcee1bdc405e014e24a9ce6b7023c3f695e4fe48e237e07900e07f1fd3c1ec0efeb46cfc8ad1b35d3311d7670c5184c67cedcda639ad12472d6d8adc07a5343efad44186bf12d2b10c60a7c1bff5f8a3c58f248e2bde568e22d0669b964951b04709f2dfa606bfc1c9d3fb8f239c90514204e27e462007bcae35d29615c93c2c68edf77f64d7cf8b1e9da5b788ed31389b7f01ee20d14a437817771ed3de06d34098837714ebc03338f780ff710b7a598710b05e91d84bb6fa473983bc7f8b40f1106c17713f65c68cebd26ec39cd9c734ddc929226382d927815ed44e2b65c6be24dc485607c895b4adac44d2565cec43ae5b016fbe0a84aff39b506dfccf73698d335edf0ed78f5ce11cf205d6b8d2b88cb1584cf1559f40396ef534c1cd3c60eaff34cac7c028bed5c32001d3a58a6b4d20cb39a1381389f3e6bbc02ac0438b36f059ee35c69ae7ae34c2d0e717253f11697c00f9f90c09c36c8d53784bd52e87514b093de028b19a41aed75b90d85bfa10f4860e22dbc6730bc837bf2f13eaebd2e37183f41c1ba58c0a5ceb9c742da60cfe7e3031446c2feffdd01c8f4c1eb32c3ef9d3bfd36c08ae66d1995929c36ce3b8cab1e07b9cfaa7154602d66dadd41db522c86607a8a851df67246ae95e64a254eb5bc848ae33c882afc898979e867f12d9c974e9fd9bb61d958410c2add68031fc4fdfbf12eb683f70224313531777ee02cad4df8dddebe85e042872edcd785eb9c2fbd1cf712b6f7d336772ef4c3271765988f666113c41560014e19a70b4ca8bf2b85b4db720b48d9d0076fa05010839197e84fc00f803b28dc3f915aa1f99c17509cf7444160bea317fd096a6b66fbfffef7f7871dafde78f3580f648dbb72dcb8ea30171a663f3470d424f0ab2093581421d2d126b0496280bebf4862ba1fba84f4e5bc693a03ec4fe033d0d0c715e7b427810fe1fe7d8310781bde2548cc9e69319f9e04e68aa535b88f44e63a739bc024ef52a0dd25f0c32724b0ad75ed657ec326b01cd6ee28ad3d9ad7c65b28a86fa260f078178594e7f6ffc4bb282cf9f800bfdd41bb8c1af85681827bde13d6de45fcf2619be2366ccddafbffe0780f647a1b04a039cffb6db35e90bab197c00e230024f07935068ba5b90f81e9a8a04703e3ba20b27078700dcd09ae33be8cebc2a389f0ea496d4c47f7741078a4c0e6667b41602e803884787387489ad1765b781bfea76b614eb3b4e749bf0270ae7417f2c326309d462c431c84075410d85d0ffcf0c91510389fbc761b8e043e5bc084b609dc5f03bf8b02fa9edc64bc03b3385ff3d22425fa13f84314a2d7955ae3239cdf529c0bee5d390d029370bdb035ee50e87fbfddd6b5f116e224daedd4c2bd04be8b02ff3adae785084c0dfc06ac87fe04a6c711ae76125e4784954312d34b08573ad11f18dbc0571116896c6be2e110f8a027ad9d40a5c139ef243035b04de0eda808393bcbde406d03c2e09e4be6b243c4874b55cdbd88f1ddd4c0d4be745fec12f8211468821e0273f13d09cc8e206aa642047e4b0a6b774d139a1a966d5e98c4202ec97fdb1b31de5182685b068dd7e4988957a5a8711b1aed0d39d507af2a11e3a61a32ae3f19d54f7ed377c27afda072599dd541ad988fb794d43de14d396a021510fe8f19b71e0f197f0ecd4432b32dfc0ebe87dff206d2e02d2551d084be080dfc36dabeb741c8377064ffc10df3d956e3507125484ca7f571903769e21ad2e2a43788f7264c6d7c0964236c0293e02765e736f0e6d1337e714a0a198751c1ec45ba12bba530085c63ecc137eec4f5ed163620ec8d52c4d8545c676c53d016469ad3d3cb1a8bc8cb11f62aa0c325b09036d9b7768e1ccacd9523b9c56a30d7a9fa727380a530499711d032c48bde68ee65a298c7506e1d08b301ff6f0236c0941408e6d67b83b816cc6df3d698d8817b4de0dd3b817d789ee039b117bf75e35d7b47d7e45e7e7286e3f2bcc108ccf3b750a08743e0b7947668309ac928b0788e04beada67f7dc91bc9befaa4cf7f9526a637e4e7a27882e757d55e5ce26fc521fff9d1d5334f7c6bd637ad573bca25353413f0e723ff9d85c0f5bd97549f89ab5e9ffff4138159e78b439fdc8546fa112ba17b20f0997c02e3b9bbd0c4afe1b93b6ce3ca757f77f477c3f1334f4661660b9cf146fd47f0bdfb7ed707cd1d7b8fda399fc004bd7c1622f0a627668cdfa9cef0ef5642fe6d88df4e7cd74e29e4df006b611d21579ac7b54017eee9c2b72e03967ac31b57cb49b33d6c6b624e34228167bb0496a4ceaff99b16a076a75331d3a3248eabd0beeb02cc6d4051c3db4b05b90c8c532677a2e0ec023804b00747b667e8d78a8bbbe927e9206accc32810c7519373f1fd519c9f00c1e8cb8a3d965c849f0fbac3617beab202b3caebdc31914fe0bb66a1152e66866342bf2d4534b6fdde441cccc28eb8bfc5f6dde331fddca3c31ff7fe32c8c9a280f6aa92417bbcb187c06cb7bf016d5988c097a149df91da415aa181692ebf83f3ab52da31ed0fa382a6494df3f912f2cb3e5ec3b593054ce8fb956520b34de097101ebd78d075317ba667bb73a139d7d497139e01d9be6846cd26fc5bd164a17f2b3a20b33775662f21db2adb90d93b006eb02da6c7b177912e56e8a5811d15f53872896013084c7073ea66801b5433d35bfaa11585877e96eb8d0305a652f6d7c01ccfbd5702db1a58b47141e0e2b47ee3d1cc4345e04b9e8046c27e88f4bc57025303bf8534efd5c07c96ed5e67a776c7605db1379a1e40ae211d0992f81f9bc0eccca2269eef2e7c31e79ae69642db2e416672a09c0ec6d69ae07a4d828bf41b7ac8cb9524ecfe67470489ca45f91cdfb3b52f7d25d16be129dc9743828b2d3cb9a118bd203641d336996425ae9885a015d75a8d0bdcbe53993d3c02837824ef1b78173b61e8e6f52d14ac8b0536f83609cc8e2a53f3f6e28af7212470914ffb00dfff01d25f0c3d35220dd0b69713c60d98a7d66d038404bea4c64d13dad6c0c2615faa208139544402d32ff67540f446d382827555a037fe7e85ce115f56b899385def08027721be1c1fee74094c0247729cddb20c992f6a3631f6c61ec0f52820f424b80e26f12bc02698c49b014e44df0dcd457fcebb91a0bba1d1f600fb9191e68eefb8f708fe3fca8c45e57042a983399d31cd699ad1e7f17e82bbdcd32322db60af4a7114a646e3689173a65c540481a979efe2fedba804e85695432a8508fcae1c36096cf72edbb8e24d3ea4046e037939046513b8ce22f0bd6a6061c1dc966a0b10380202f70e2f719cd89ce4f13912b84b8ea26dcc265c5f025303cf76090c024ba11c352fbbe739db8589c3713712783332770b40cdcb4dc8b80c8c5ba1ecc5bdfb014e8ba36742db74a6c9dc6b360b0d4ced4aed4bf3f9320adc15b4bdfa6be0d328046750315c563b8dee91ce3eb16c02b3ed4b0d4c02bf8a77713cb41081df9323da1b72130a7cdff1d5abded44349e0f7f1edf904161512346401020fd4c0780e7970aba8c131ed4f2b51345f683e0b07f55711de2510f926c2febc4ce82e6a60280331b9a3a90f81e715b99d58d27c10989a979e00992824ef4b20074de8756aadb1ae386d6c40866f5613c61660bb9a0462c64e6037aeef0176013cdf8bdff7037bf0db5ee09037691cf1a68cc3b8760ccf9d5039d9a2d6c8e14870c3b0d32ae7f0d6a2d0c58d1b4ac63832d27985c9651098f390a9816d02d343240bf2703570ff71d78791c0975178df47e577ef040e0dd0c0b7f13c7bf1af1770ec7e1ad6da1ddc9f4fe08bd0c2b7955658589f1781a3268139b1c325f0204202af442dcab66f170a01bde4b3bb7e0b3267b93aebbdc58acfbf4ca9f4af04ba0076f3db30bbff0995430095fe0dc0669ce7639bea33b193c0bdfb70dcc7a3757e1085ed38ee3b02ec2bc6fd4f9438eeeb735dcee4ee8084d4c06226155dad5283a00dac3a9b71d4c0ef282d28f07d27465cf52640e087ab17fa725100046e30c92b08cc8927ec986365e8406035eabf8c8a9353425909be0dbc0e827052c8596ff4ef7223fdf123a3902fa32afbe0d0131581d32322fffe92c2612331d5926634a75a727b9ba36af8bd83a382fedd78d6cc572508e4e535fedf8d78ed8405b0ad1865a238e8df8cca644331e085998c73622d7eefcac34bc5a1d31b91b7eb51d990c02fa1b2a692611975090c992bd780c01973e507775860f73ccd67127869819d0ebe08b9ae6472d4a23681d9fbfa1a32f72d290113dc792cf26da96650025ff3461f420247fb113803f2a62d023b746291c04ac27c8663e8d4bc6fe039cee47ad3db6c5c1c1d36ce174741e6b071ce1b31a0b169d918e71faf312772bc0593bb77ceb4680bbfa6d41b778a9b8db36a1496159e8315409c96e202787f0e388af323c001390ac07a0376cb49a31b71de096cc53d3b94acb151499ad855dc08ab8fd7b3c626e4933933cb2230474816b86d602e980ec2844ea2fd9b361d6d73f8682332936e3fbfec04e6047e0e7f7061c13ba8a5af1518467a1f1af84d99d3217be716130f2b8139066c3703f83d6f221f394476c361351227665c45f385e4671a92f877d1fe7d1b6d5b42a46b5fbc8eeb1cba2378ce7da3f249cc3d93b9d490e3c91c923a89ca9f3881b4351d16e2fc28701838886b9c0b7012f71f45bc396a41878684bdd303872439c7a01bbf6fc77d9c23fd0ae2b81e79271cc28b214e97c090a54a4d6e156ac5d5c87c4e1ee7781be7a3d2fde78baa739bf28b907c0273bb933780e112f83db481df96d95e169af73dbc83f82a11f8fc2004e61a6956863c1262865b2fc47a647b0f263171c62631e74bb32d6c2f3d24c47592db5e4fcc1d1e39dcc45eeb8c71045a97a3141cb5d80bebef20eee13243ee78b81bd88ffb76e1ffedf88de633e748731e02dbc1844de085ee7a6010580ee5d620d1d620c1b8907a3d326813da1a5b51db7d19097c0b04ced70e34a3391ff80364343d7358b70d2a6f487e1098053e0dd80bf4eb8d5beac347e0f35ebff60134df5f8010ef23bf6849bc25278cb7959823814fa1ed790166f1fbf87e730d31d280472e8ae88520b40dee846813d89e44c3a3bd8ba3bde881ab9508ceaa132b95b8015d9d710ae7dc7e851ba311dcda94d7e8ccf028cee913fc08ce39a780e4e5fc022e76e04207badea116a642e1a6016c0b6f40feb1c9d7e1fdfc36837f6864a91ce943609a282fcb4dc666d47eab0b740a7d11d29fc00275c68720f0c50204be2bfb35a179fb12f83525fcd011f84a915fe30a2af64413ef81c49c225aa80d2c081cc333242797208a1efd7c70b65a3eeccddf6cdcb0701dcf1357100fe212f282e00207821e3b885338277278864773270e288883b0a4e8d0f020ccf2fd08672fd08ddff6e07b76e15cccfae32aa5266b1c981be9351bcbf02c1736cc2e7209dc87c0dcf6915327b7001b953a63e948e7c5ea5f840c45e00f603e162670c05c5cff3e6a71e1fd820468366eab91878ec0bb4756683f549a8c1f99dfc0954929e31d59e0fc2807027b7dfe5b6a0ce945b267cde3bb1644a5c6e58ba28f8063c304677889155cc295cf1b0ac80fd82e7eaea10946dc82594cd074266c539a2636c1891fc4453c7b1acf719376e224f2826d602e35a4263e824a846de10338e71c7bd39c46fcb6e21adbc3dc836b1bbeb7edb1692e8197c9d1010436a74da246ddf0c4acf736a036df20fbfc9be5a07f1b4cb36d4ad0bfd3c2ee3cec53011e2d7018e108eeb7713c0fa7803380b9da05ef3fa5cef09ff2ce30872bf67ca3c27118c989c0578a9d2b9c5e02f79297daeb6124f09ec767765dfc7a227771343032923b373a943b3dba2677708cefd481dfabfae7d66d0364d71355fffce0e8ea53a7bdc1dc49ee3658eccb9df50672fc9fa0a33e01bcaf58e064718d8075fde4e848ee18ae1f2b0ef6e0307e3becf5e50ee27864640888f6e0f0c8b88903c89fc368b2f1d88de7b7e25e136a30b7c906fedfe68de2bac06629945b2dcfc8ad9067e656e077137220b75499996b2d9eda657dd65757562041b9bd054de75700ce7b16b3b01acdeefb2d4acad8815a95ddfceceedf0da2efc3fd078043b8cece88c3721226116a530bc795b471023889df086e99429c87597e41a19b965ad4c85c202e7049891a57959071454d1b7bbfe1bc3ff02d259d7b13b53921cc3fb6d984097db9d8b9138b04fe50e6ac2d7ad520792d0dacc4f5371f3202bbe28a292be49a1cb7b72069058169a2b0238ba634f7b1a109c3954775e6b24182a60d3b1cc41000172f646106b163823be767d1d6c91867002e15e464771b97f1fe2b68f7b0c323df211d77977fddec416d360e17584ef820047ecb13d17e84f6964d601e49e2db4ad225b02b0fa7ac50823d042671b96b1cb5309d8ced00768174bb71cd5ef36b2f15643b85bd87ec94606f22db31c2c159bd7116efa3074373ba1dc0e103e232eea14707cee2e118a21837ac07b80b3edb5a4dc649aff3d000fd22bf014d9e8fd75159bc2f250ab6815f97021a3bad84e6edc51d3505023f5c53295d71c594954aaf06b609bc15859a7e8a76819c1c4c67973ec97b1020790fe3c84e871338e772c193008f5cebcb5ddfcf808c6701b1d44ccc9b156486e61d84c0dc25df5ca00ff316eda802044ea10d2cc67ff3410d5cb80d5c63ce5e7209ecca6f8dcc5743b9d568af722512e79772abd075d06a9be53a68606a5f1cd17ee596a16cff72e0fd30ce8923f8ff18dac9c7a0018f03a7414e6a624e9b23cee15e8213de6d70f5ca35dc4bd8bd95627c11445250413ce6dc06e68e04afe1bedb00ef672fe81da519e447e53132ed48e0ab9e1a8dab70de81f96d838be0af9aeb815d13da958750967a838737a3206f46db702734613788d42db542ebb6a1ad0b8d8823c7e90e034771fd38fe17de359aa1751b61360b2f1bc445fc465cc339c105dfc44ddc4b70ec90c7bb38e683e391af23ecf79436e3d463ce637bc79f8ce4, 'D.U.png', 'caption', '2017-03-02 21:21:23');

-- --------------------------------------------------------

--
-- Table structure for table `relationships`
--

CREATE TABLE IF NOT EXISTS `relationships` (
  `userID1` int(11) NOT NULL,
  `userID2` int(11) NOT NULL,
  `invitationSentBy` int(11) NOT NULL,
  `invitationAccepted` tinyint(1) NOT NULL,
  `timeRequestSent` datetime NOT NULL,
  `timeRequestAccepted` datetime NOT NULL,
  PRIMARY KEY (`userID1`,`userID2`),
  UNIQUE KEY `userID2` (`userID2`,`userID1`),
  UNIQUE KEY `UQ_Friends_UserID2_UserID1` (`userID2`,`userID1`)
) ENGINE=InnoDB DEFAULT CHARSET=latin1;

--
-- Dumping data for table `relationships`
--

INSERT INTO `relationships` (`userID1`, `userID2`, `invitationSentBy`, `invitationAccepted`, `timeRequestSent`, `timeRequestAccepted`) VALUES
(24, 25, 25, 1, '2017-02-27 23:16:20', '2017-02-27 23:16:54'),
(24, 26, 26, 1, '2017-02-28 12:17:41', '2017-02-28 12:18:30'),
(24, 27, 27, 1, '2017-02-27 23:20:37', '2017-02-27 23:20:50'),
(25, 24, 25, 1, '2017-02-27 23:16:20', '2017-02-27 23:16:54'),
(25, 26, 25, 1, '2017-02-27 23:16:26', '2017-02-27 23:17:07'),
(26, 24, 26, 1, '2017-02-28 12:17:41', '2017-02-28 12:18:30'),
(26, 25, 25, 1, '2017-02-27 23:16:26', '2017-02-27 23:17:07'),
(27, 24, 27, 1, '2017-02-27 23:20:37', '2017-02-27 23:20:50');

-- --------------------------------------------------------

--
-- Table structure for table `securitysettings`
--

CREATE TABLE IF NOT EXISTS `securitysettings` (
  `userID` int(11) NOT NULL,
  `whoCanSeeBlog` tinyint(1) NOT NULL,
  `whoCanSeeProfile` tinyint(1) NOT NULL,
  `whoCanSendFriendRequests` tinyint(1) NOT NULL,
  `visibleName` tinyint(1) NOT NULL,
  `visiblePersonalInfo` tinyint(1) NOT NULL,
  UNIQUE KEY `userID` (`userID`)
) ENGINE=InnoDB DEFAULT CHARSET=latin1;

--
-- Dumping data for table `securitysettings`
--

INSERT INTO `securitysettings` (`userID`, `whoCanSeeBlog`, `whoCanSeeProfile`, `whoCanSendFriendRequests`, `visibleName`, `visiblePersonalInfo`) VALUES
(24, 0, 1, 0, 0, 0),
(25, 2, 2, 0, 0, 0),
(26, 0, 0, 0, 0, 0),
(27, 0, 0, 0, 0, 0);

-- --------------------------------------------------------

--
-- Table structure for table `users`
--

CREATE TABLE IF NOT EXISTS `users` (
  `userID` int(11) NOT NULL AUTO_INCREMENT,
  `email` varchar(240) NOT NULL,
  `password` varchar(240) NOT NULL,
  `securityQuestion` varchar(240) NOT NULL,
  `securityAnswer` varchar(240) NOT NULL,
  PRIMARY KEY (`userID`),
  UNIQUE KEY `userID` (`userID`),
  KEY `userID_2` (`userID`),
  KEY `userID_3` (`userID`),
  KEY `userID_4` (`userID`)
) ENGINE=InnoDB  DEFAULT CHARSET=latin1 AUTO_INCREMENT=29 ;

--
-- Dumping data for table `users`
--

INSERT INTO `users` (`userID`, `email`, `password`, `securityQuestion`, `securityAnswer`) VALUES
(24, 'osman@gmail.com', '14f8f4bb8c0e79a02670a5fea5682da717a5b3d3dc7b1706f7a4bab9afae18c2', '', 'I done'),
(25, 'bagus@gmail.com', '14f8f4bb8c0e79a02670a5fea5682da717a5b3d3dc7b1706f7a4bab9afae18c2', '', 'Life'),
(26, 'shivam@gmail.com', '14f8f4bb8c0e79a02670a5fea5682da717a5b3d3dc7b1706f7a4bab9afae18c2', '', 'Bandi'),
(27, 'nijam@gmail.com', '14f8f4bb8c0e79a02670a5fea5682da717a5b3d3dc7b1706f7a4bab9afae18c2', '', 'Word');

--
-- Constraints for dumped tables
--

--
-- Constraints for table `admins`
--
ALTER TABLE `admins`
  ADD CONSTRAINT `admins_ibfk_1` FOREIGN KEY (`userID`) REFERENCES `users` (`userID`);

--
-- Constraints for table `personalinfo`
--
ALTER TABLE `personalinfo`
  ADD CONSTRAINT `personalInfo_ibfk_1` FOREIGN KEY (`userID`) REFERENCES `users` (`userID`);

/*!40101 SET CHARACTER_SET_CLIENT=@OLD_CHARACTER_SET_CLIENT */;
/*!40101 SET CHARACTER_SET_RESULTS=@OLD_CHARACTER_SET_RESULTS */;
/*!40101 SET COLLATION_CONNECTION=@OLD_COLLATION_CONNECTION */;
